runs,score,battery0,battery1,battery2,battery3,battery4
0,8442,"[22, 42, 136, 98, 60, 7, 93, 78, 112, 50, 80, 71, 3, 95, 83, 91, 132, 57, 17, 125, 99, 58, 126, 81, 106, 101, 133, 37, 113, 105]","[135, 88, 117, 128, 116, 142, 62, 66, 79, 36, 130, 5, 138, 96, 84, 102, 94, 120, 39, 108, 26, 147, 47, 16, 121, 145, 53, 13, 103, 40, 1, 110]","[82, 4, 72, 8, 146, 45, 28, 19, 89, 68, 70, 144, 134, 43, 97, 111, 34, 6, 137, 129, 139, 10, 63, 119, 76, 41, 73, 77]","[18, 59, 141, 74, 35, 25, 27, 51, 148, 29, 56, 123, 24, 107, 31, 11, 90, 104, 9, 14, 124, 149, 44, 114, 143, 0, 85, 87, 32, 92]","[131, 23, 118, 12, 38, 55, 122, 49, 2, 30, 69, 54, 100, 52, 20, 15, 21, 115, 67, 61, 140, 64, 75, 109, 65, 127, 86, 48, 46, 33]"
1,8442,"[22, 42, 136, 98, 60, 7, 93, 78, 112, 50, 80, 71, 3, 95, 83, 91, 132, 57, 17, 125, 99, 58, 126, 81, 106, 101, 133, 37, 113, 105]","[135, 88, 117, 128, 116, 142, 62, 66, 79, 36, 130, 5, 138, 96, 84, 102, 94, 120, 39, 108, 26, 147, 47, 16, 121, 145, 53, 13, 103, 40, 1, 110]","[82, 4, 72, 8, 146, 45, 28, 19, 89, 68, 70, 144, 134, 43, 97, 111, 34, 6, 137, 129, 139, 10, 63, 119, 76, 41, 73, 77]","[18, 59, 141, 74, 35, 25, 27, 51, 148, 29, 56, 123, 24, 107, 31, 11, 90, 104, 9, 14, 124, 149, 44, 114, 143, 0, 85, 87, 32, 92]","[131, 23, 118, 12, 38, 55, 122, 49, 2, 30, 69, 54, 100, 52, 20, 15, 21, 115, 67, 61, 140, 64, 75, 109, 65, 127, 86, 48, 46, 33]"
2,8442,"[22, 42, 136, 98, 60, 7, 93, 78, 112, 50, 80, 71, 3, 95, 83, 91, 132, 57, 17, 125, 99, 58, 126, 81, 106, 101, 133, 37, 113, 105]","[135, 88, 117, 128, 116, 142, 62, 66, 79, 36, 130, 5, 138, 96, 84, 102, 94, 120, 39, 108, 26, 147, 47, 16, 121, 145, 53, 13, 103, 40, 1, 110]","[82, 4, 72, 8, 146, 45, 28, 19, 89, 68, 70, 144, 134, 43, 97, 111, 34, 6, 137, 129, 139, 10, 63, 119, 76, 41, 73, 77]","[18, 59, 141, 74, 35, 25, 27, 51, 148, 29, 56, 123, 24, 107, 31, 11, 90, 104, 9, 14, 124, 149, 44, 114, 143, 0, 85, 87, 32, 92]","[131, 23, 118, 12, 38, 55, 122, 49, 2, 30, 69, 54, 100, 52, 20, 15, 21, 115, 67, 61, 140, 64, 75, 109, 65, 127, 86, 48, 46, 33]"
3,8442,"[22, 42, 136, 98, 60, 7, 93, 78, 112, 50, 80, 71, 3, 95, 83, 91, 132, 57, 17, 125, 99, 58, 126, 81, 106, 101, 133, 37, 113, 105]","[135, 88, 117, 128, 116, 142, 62, 66, 79, 36, 130, 5, 138, 96, 84, 102, 94, 120, 39, 108, 26, 147, 47, 16, 121, 145, 53, 13, 103, 40, 1, 110]","[82, 4, 72, 8, 146, 45, 28, 19, 89, 68, 70, 144, 134, 43, 97, 111, 34, 6, 137, 129, 139, 10, 63, 119, 76, 41, 73, 77]","[18, 59, 141, 74, 35, 25, 27, 51, 148, 29, 56, 123, 24, 107, 31, 11, 90, 104, 9, 14, 124, 149, 44, 114, 143, 0, 85, 87, 32, 92]","[131, 23, 118, 12, 38, 55, 122, 49, 2, 30, 69, 54, 100, 52, 20, 15, 21, 115, 67, 61, 140, 64, 75, 109, 65, 127, 86, 48, 46, 33]"
4,8442,"[22, 42, 136, 98, 60, 7, 93, 78, 112, 50, 80, 71, 3, 95, 83, 91, 132, 57, 17, 125, 99, 58, 126, 81, 106, 101, 133, 37, 113, 105]","[135, 88, 117, 128, 116, 142, 62, 66, 79, 36, 130, 5, 138, 96, 84, 102, 94, 120, 39, 108, 26, 147, 47, 16, 121, 145, 53, 13, 103, 40, 1, 110]","[82, 4, 72, 8, 146, 45, 28, 19, 89, 68, 70, 144, 134, 43, 97, 111, 34, 6, 137, 129, 139, 10, 63, 119, 76, 41, 73, 77]","[18, 59, 141, 74, 35, 25, 27, 51, 148, 29, 56, 123, 24, 107, 31, 11, 90, 104, 9, 14, 124, 149, 44, 114, 143, 0, 85, 87, 32, 92]","[131, 23, 118, 12, 38, 55, 122, 49, 2, 30, 69, 54, 100, 52, 20, 15, 21, 115, 67, 61, 140, 64, 75, 109, 65, 127, 86, 48, 46, 33]"
5,8442,"[22, 42, 136, 98, 60, 7, 93, 78, 112, 50, 80, 71, 3, 95, 83, 91, 132, 57, 17, 125, 99, 58, 126, 81, 106, 101, 133, 37, 113, 105]","[135, 88, 117, 128, 116, 142, 62, 66, 79, 36, 130, 5, 138, 96, 84, 102, 94, 120, 39, 108, 26, 147, 47, 16, 121, 145, 53, 13, 103, 40, 1, 110]","[82, 4, 72, 8, 146, 45, 28, 19, 89, 68, 70, 144, 134, 43, 97, 111, 34, 6, 137, 129, 139, 10, 63, 119, 76, 41, 73, 77]","[18, 59, 141, 74, 35, 25, 27, 51, 148, 29, 56, 123, 24, 107, 31, 11, 90, 104, 9, 14, 124, 149, 44, 114, 143, 0, 85, 87, 32, 92]","[131, 23, 118, 12, 38, 55, 122, 49, 2, 30, 69, 54, 100, 52, 20, 15, 21, 115, 67, 61, 140, 64, 75, 109, 65, 127, 86, 48, 46, 33]"
6,8442,"[22, 42, 136, 98, 60, 7, 93, 78, 112, 50, 80, 71, 3, 95, 83, 91, 132, 57, 17, 125, 99, 58, 126, 81, 106, 101, 133, 37, 113, 105]","[135, 88, 117, 128, 116, 142, 62, 66, 79, 36, 130, 5, 138, 96, 84, 102, 94, 120, 39, 108, 26, 147, 47, 16, 121, 145, 53, 13, 103, 40, 1, 110]","[82, 4, 72, 8, 146, 45, 28, 19, 89, 68, 70, 144, 134, 43, 97, 111, 34, 6, 137, 129, 139, 10, 63, 119, 76, 41, 73, 77]","[18, 59, 141, 74, 35, 25, 27, 51, 148, 29, 56, 123, 24, 107, 31, 11, 90, 104, 9, 14, 124, 149, 44, 114, 143, 0, 85, 87, 32, 92]","[131, 23, 118, 12, 38, 55, 122, 49, 2, 30, 69, 54, 100, 52, 20, 15, 21, 115, 67, 61, 140, 64, 75, 109, 65, 127, 86, 48, 46, 33]"
7,8442,"[22, 42, 136, 98, 60, 7, 93, 78, 112, 50, 80, 71, 3, 95, 83, 91, 132, 57, 17, 125, 99, 58, 126, 81, 106, 101, 133, 37, 113, 105]","[135, 88, 117, 128, 116, 142, 62, 66, 79, 36, 130, 5, 138, 96, 84, 102, 94, 120, 39, 108, 26, 147, 47, 16, 121, 145, 53, 13, 103, 40, 1, 110]","[82, 4, 72, 8, 146, 45, 28, 19, 89, 68, 70, 144, 134, 43, 97, 111, 34, 6, 137, 129, 139, 10, 63, 119, 76, 41, 73, 77]","[18, 59, 141, 74, 35, 25, 27, 51, 148, 29, 56, 123, 24, 107, 31, 11, 90, 104, 9, 14, 124, 149, 44, 114, 143, 0, 85, 87, 32, 92]","[131, 23, 118, 12, 38, 55, 122, 49, 2, 30, 69, 54, 100, 52, 20, 15, 21, 115, 67, 61, 140, 64, 75, 109, 65, 127, 86, 48, 46, 33]"
8,8442,"[22, 42, 136, 98, 60, 7, 93, 78, 112, 50, 80, 71, 3, 95, 83, 91, 132, 57, 17, 125, 99, 58, 126, 81, 106, 101, 133, 37, 113, 105]","[135, 88, 117, 128, 116, 142, 62, 66, 79, 36, 130, 5, 138, 96, 84, 102, 94, 120, 39, 108, 26, 147, 47, 16, 121, 145, 53, 13, 103, 40, 1, 110]","[82, 4, 72, 8, 146, 45, 28, 19, 89, 68, 70, 144, 134, 43, 97, 111, 34, 6, 137, 129, 139, 10, 63, 119, 76, 41, 73, 77]","[18, 59, 141, 74, 35, 25, 27, 51, 148, 29, 56, 123, 24, 107, 31, 11, 90, 104, 9, 14, 124, 149, 44, 114, 143, 0, 85, 87, 32, 92]","[131, 23, 118, 12, 38, 55, 122, 49, 2, 30, 69, 54, 100, 52, 20, 15, 21, 115, 67, 61, 140, 64, 75, 109, 65, 127, 86, 48, 46, 33]"
9,8442,"[22, 42, 136, 98, 60, 7, 93, 78, 112, 50, 80, 71, 3, 95, 83, 91, 132, 57, 17, 125, 99, 58, 126, 81, 106, 101, 133, 37, 113, 105]","[135, 88, 117, 128, 116, 142, 62, 66, 79, 36, 130, 5, 138, 96, 84, 102, 94, 120, 39, 108, 26, 147, 47, 16, 121, 145, 53, 13, 103, 40, 1, 110]","[82, 4, 72, 8, 146, 45, 28, 19, 89, 68, 70, 144, 134, 43, 97, 111, 34, 6, 137, 129, 139, 10, 63, 119, 76, 41, 73, 77]","[18, 59, 141, 74, 35, 25, 27, 51, 148, 29, 56, 123, 24, 107, 31, 11, 90, 104, 9, 14, 124, 149, 44, 114, 143, 0, 85, 87, 32, 92]","[131, 23, 118, 12, 38, 55, 122, 49, 2, 30, 69, 54, 100, 52, 20, 15, 21, 115, 67, 61, 140, 64, 75, 109, 65, 127, 86, 48, 46, 33]"
10,8442,"[22, 42, 136, 98, 60, 7, 93, 78, 112, 50, 80, 71, 3, 95, 83, 91, 132, 57, 17, 125, 99, 58, 126, 81, 106, 101, 133, 37, 113, 105]","[135, 88, 117, 128, 116, 142, 62, 66, 79, 36, 130, 5, 138, 96, 84, 102, 94, 120, 39, 108, 26, 147, 47, 16, 121, 145, 53, 13, 103, 40, 1, 110]","[82, 4, 72, 8, 146, 45, 28, 19, 89, 68, 70, 144, 134, 43, 97, 111, 34, 6, 137, 129, 139, 10, 63, 119, 76, 41, 73, 77]","[18, 59, 141, 74, 35, 25, 27, 51, 148, 29, 56, 123, 24, 107, 31, 11, 90, 104, 9, 14, 124, 149, 44, 114, 143, 0, 85, 87, 32, 92]","[131, 23, 118, 12, 38, 55, 122, 49, 2, 30, 69, 54, 100, 52, 20, 15, 21, 115, 67, 61, 140, 64, 75, 109, 65, 127, 86, 48, 46, 33]"
11,8442,"[22, 42, 136, 98, 60, 7, 93, 78, 112, 50, 80, 71, 3, 95, 83, 91, 132, 57, 17, 125, 99, 58, 126, 81, 106, 101, 133, 37, 113, 105]","[135, 88, 117, 128, 116, 142, 62, 66, 79, 36, 130, 5, 138, 96, 84, 102, 94, 120, 39, 108, 26, 147, 47, 16, 121, 145, 53, 13, 103, 40, 1, 110]","[82, 4, 72, 8, 146, 45, 28, 19, 89, 68, 70, 144, 134, 43, 97, 111, 34, 6, 137, 129, 139, 10, 63, 119, 76, 41, 73, 77]","[18, 59, 141, 74, 35, 25, 27, 51, 148, 29, 56, 123, 24, 107, 31, 11, 90, 104, 9, 14, 124, 149, 44, 114, 143, 0, 85, 87, 32, 92]","[131, 23, 118, 12, 38, 55, 122, 49, 2, 30, 69, 54, 100, 52, 20, 15, 21, 115, 67, 61, 140, 64, 75, 109, 65, 127, 86, 48, 46, 33]"
12,8442,"[22, 42, 136, 98, 60, 7, 93, 78, 112, 50, 80, 71, 3, 95, 83, 91, 132, 57, 17, 125, 99, 58, 126, 81, 106, 101, 133, 37, 113, 105]","[135, 88, 117, 128, 116, 142, 62, 66, 79, 36, 130, 5, 138, 96, 84, 102, 94, 120, 39, 108, 26, 147, 47, 16, 121, 145, 53, 13, 103, 40, 1, 110]","[82, 4, 72, 8, 146, 45, 28, 19, 89, 68, 70, 144, 134, 43, 97, 111, 34, 6, 137, 129, 139, 10, 63, 119, 76, 41, 73, 77]","[18, 59, 141, 74, 35, 25, 27, 51, 148, 29, 56, 123, 24, 107, 31, 11, 90, 104, 9, 14, 124, 149, 44, 114, 143, 0, 85, 87, 32, 92]","[131, 23, 118, 12, 38, 55, 122, 49, 2, 30, 69, 54, 100, 52, 20, 15, 21, 115, 67, 61, 140, 64, 75, 109, 65, 127, 86, 48, 46, 33]"
13,8442,"[22, 42, 136, 98, 60, 7, 93, 78, 112, 50, 80, 71, 3, 95, 83, 91, 132, 57, 17, 125, 99, 58, 126, 81, 106, 101, 133, 37, 113, 105]","[135, 88, 117, 128, 116, 142, 62, 66, 79, 36, 130, 5, 138, 96, 84, 102, 94, 120, 39, 108, 26, 147, 47, 16, 121, 145, 53, 13, 103, 40, 1, 110]","[82, 4, 72, 8, 146, 45, 28, 19, 89, 68, 70, 144, 134, 43, 97, 111, 34, 6, 137, 129, 139, 10, 63, 119, 76, 41, 73, 77]","[18, 59, 141, 74, 35, 25, 27, 51, 148, 29, 56, 123, 24, 107, 31, 11, 90, 104, 9, 14, 124, 149, 44, 114, 143, 0, 85, 87, 32, 92]","[131, 23, 118, 12, 38, 55, 122, 49, 2, 30, 69, 54, 100, 52, 20, 15, 21, 115, 67, 61, 140, 64, 75, 109, 65, 127, 86, 48, 46, 33]"
14,8442,"[22, 42, 136, 98, 60, 7, 93, 78, 112, 50, 80, 71, 3, 95, 83, 91, 132, 57, 17, 125, 99, 58, 126, 81, 106, 101, 133, 37, 113, 105]","[135, 88, 117, 128, 116, 142, 62, 66, 79, 36, 130, 5, 138, 96, 84, 102, 94, 120, 39, 108, 26, 147, 47, 16, 121, 145, 53, 13, 103, 40, 1, 110]","[82, 4, 72, 8, 146, 45, 28, 19, 89, 68, 70, 144, 134, 43, 97, 111, 34, 6, 137, 129, 139, 10, 63, 119, 76, 41, 73, 77]","[18, 59, 141, 74, 35, 25, 27, 51, 148, 29, 56, 123, 24, 107, 31, 11, 90, 104, 9, 14, 124, 149, 44, 114, 143, 0, 85, 87, 32, 92]","[131, 23, 118, 12, 38, 55, 122, 49, 2, 30, 69, 54, 100, 52, 20, 15, 21, 115, 67, 61, 140, 64, 75, 109, 65, 127, 86, 48, 46, 33]"
15,8442,"[22, 42, 136, 98, 60, 7, 93, 78, 112, 50, 80, 71, 3, 95, 83, 91, 132, 57, 17, 125, 99, 58, 126, 81, 106, 101, 133, 37, 113, 105]","[135, 88, 117, 128, 116, 142, 62, 66, 79, 36, 130, 5, 138, 96, 84, 102, 94, 120, 39, 108, 26, 147, 47, 16, 121, 145, 53, 13, 103, 40, 1, 110]","[82, 4, 72, 8, 146, 45, 28, 19, 89, 68, 70, 144, 134, 43, 97, 111, 34, 6, 137, 129, 139, 10, 63, 119, 76, 41, 73, 77]","[18, 59, 141, 74, 35, 25, 27, 51, 148, 29, 56, 123, 24, 107, 31, 11, 90, 104, 9, 14, 124, 149, 44, 114, 143, 0, 85, 87, 32, 92]","[131, 23, 118, 12, 38, 55, 122, 49, 2, 30, 69, 54, 100, 52, 20, 15, 21, 115, 67, 61, 140, 64, 75, 109, 65, 127, 86, 48, 46, 33]"
16,8442,"[22, 42, 136, 98, 60, 7, 93, 78, 112, 50, 80, 71, 3, 95, 83, 91, 132, 57, 17, 125, 99, 58, 126, 81, 106, 101, 133, 37, 113, 105]","[135, 88, 117, 128, 116, 142, 62, 66, 79, 36, 130, 5, 138, 96, 84, 102, 94, 120, 39, 108, 26, 147, 47, 16, 121, 145, 53, 13, 103, 40, 1, 110]","[82, 4, 72, 8, 146, 45, 28, 19, 89, 68, 70, 144, 134, 43, 97, 111, 34, 6, 137, 129, 139, 10, 63, 119, 76, 41, 73, 77]","[18, 59, 141, 74, 35, 25, 27, 51, 148, 29, 56, 123, 24, 107, 31, 11, 90, 104, 9, 14, 124, 149, 44, 114, 143, 0, 85, 87, 32, 92]","[131, 23, 118, 12, 38, 55, 122, 49, 2, 30, 69, 54, 100, 52, 20, 15, 21, 115, 67, 61, 140, 64, 75, 109, 65, 127, 86, 48, 46, 33]"
17,8442,"[22, 42, 136, 98, 60, 7, 93, 78, 112, 50, 80, 71, 3, 95, 83, 91, 132, 57, 17, 125, 99, 58, 126, 81, 106, 101, 133, 37, 113, 105]","[135, 88, 117, 128, 116, 142, 62, 66, 79, 36, 130, 5, 138, 96, 84, 102, 94, 120, 39, 108, 26, 147, 47, 16, 121, 145, 53, 13, 103, 40, 1, 110]","[82, 4, 72, 8, 146, 45, 28, 19, 89, 68, 70, 144, 134, 43, 97, 111, 34, 6, 137, 129, 139, 10, 63, 119, 76, 41, 73, 77]","[18, 59, 141, 74, 35, 25, 27, 51, 148, 29, 56, 123, 24, 107, 31, 11, 90, 104, 9, 14, 124, 149, 44, 114, 143, 0, 85, 87, 32, 92]","[131, 23, 118, 12, 38, 55, 122, 49, 2, 30, 69, 54, 100, 52, 20, 15, 21, 115, 67, 61, 140, 64, 75, 109, 65, 127, 86, 48, 46, 33]"
18,8442,"[22, 42, 136, 98, 60, 7, 93, 78, 112, 50, 80, 71, 3, 95, 83, 91, 132, 57, 17, 125, 99, 58, 126, 81, 106, 101, 133, 37, 113, 105]","[135, 88, 117, 128, 116, 142, 62, 66, 79, 36, 130, 5, 138, 96, 84, 102, 94, 120, 39, 108, 26, 147, 47, 16, 121, 145, 53, 13, 103, 40, 1, 110]","[82, 4, 72, 8, 146, 45, 28, 19, 89, 68, 70, 144, 134, 43, 97, 111, 34, 6, 137, 129, 139, 10, 63, 119, 76, 41, 73, 77]","[18, 59, 141, 74, 35, 25, 27, 51, 148, 29, 56, 123, 24, 107, 31, 11, 90, 104, 9, 14, 124, 149, 44, 114, 143, 0, 85, 87, 32, 92]","[131, 23, 118, 12, 38, 55, 122, 49, 2, 30, 69, 54, 100, 52, 20, 15, 21, 115, 67, 61, 140, 64, 75, 109, 65, 127, 86, 48, 46, 33]"
19,8442,"[22, 42, 136, 98, 60, 7, 93, 78, 112, 50, 80, 71, 3, 95, 83, 91, 132, 57, 17, 125, 99, 58, 126, 81, 106, 101, 133, 37, 113, 105]","[135, 88, 117, 128, 116, 142, 62, 66, 79, 36, 130, 5, 138, 96, 84, 102, 94, 120, 39, 108, 26, 147, 47, 16, 121, 145, 53, 13, 103, 40, 1, 110]","[82, 4, 72, 8, 146, 45, 28, 19, 89, 68, 70, 144, 134, 43, 97, 111, 34, 6, 137, 129, 139, 10, 63, 119, 76, 41, 73, 77]","[18, 59, 141, 74, 35, 25, 27, 51, 148, 29, 56, 123, 24, 107, 31, 11, 90, 104, 9, 14, 124, 149, 44, 114, 143, 0, 85, 87, 32, 92]","[131, 23, 118, 12, 38, 55, 122, 49, 2, 30, 69, 54, 100, 52, 20, 15, 21, 115, 67, 61, 140, 64, 75, 109, 65, 127, 86, 48, 46, 33]"
20,8442,"[22, 42, 136, 98, 60, 7, 93, 78, 112, 50, 80, 71, 3, 95, 83, 91, 132, 57, 17, 125, 99, 58, 126, 81, 106, 101, 133, 37, 113, 105]","[135, 88, 117, 128, 116, 142, 62, 66, 79, 36, 130, 5, 138, 96, 84, 102, 94, 120, 39, 108, 26, 147, 47, 16, 121, 145, 53, 13, 103, 40, 1, 110]","[82, 4, 72, 8, 146, 45, 28, 19, 89, 68, 70, 144, 134, 43, 97, 111, 34, 6, 137, 129, 139, 10, 63, 119, 76, 41, 73, 77]","[18, 59, 141, 74, 35, 25, 27, 51, 148, 29, 56, 123, 24, 107, 31, 11, 90, 104, 9, 14, 124, 149, 44, 114, 143, 0, 85, 87, 32, 92]","[131, 23, 118, 12, 38, 55, 122, 49, 2, 30, 69, 54, 100, 52, 20, 15, 21, 115, 67, 61, 140, 64, 75, 109, 65, 127, 86, 48, 46, 33]"
21,8442,"[22, 42, 136, 98, 60, 7, 93, 78, 112, 50, 80, 71, 3, 95, 83, 91, 132, 57, 17, 125, 99, 58, 126, 81, 106, 101, 133, 37, 113, 105]","[135, 88, 117, 128, 116, 142, 62, 66, 79, 36, 130, 5, 138, 96, 84, 102, 94, 120, 39, 108, 26, 147, 47, 16, 121, 145, 53, 13, 103, 40, 1, 110]","[82, 4, 72, 8, 146, 45, 28, 19, 89, 68, 70, 144, 134, 43, 97, 111, 34, 6, 137, 129, 139, 10, 63, 119, 76, 41, 73, 77]","[18, 59, 141, 74, 35, 25, 27, 51, 148, 29, 56, 123, 24, 107, 31, 11, 90, 104, 9, 14, 124, 149, 44, 114, 143, 0, 85, 87, 32, 92]","[131, 23, 118, 12, 38, 55, 122, 49, 2, 30, 69, 54, 100, 52, 20, 15, 21, 115, 67, 61, 140, 64, 75, 109, 65, 127, 86, 48, 46, 33]"
22,8442,"[22, 42, 136, 98, 60, 7, 93, 78, 112, 50, 80, 71, 3, 95, 83, 91, 132, 57, 17, 125, 99, 58, 126, 81, 106, 101, 133, 37, 113, 105]","[135, 88, 117, 128, 116, 142, 62, 66, 79, 36, 130, 5, 138, 96, 84, 102, 94, 120, 39, 108, 26, 147, 47, 16, 121, 145, 53, 13, 103, 40, 1, 110]","[82, 4, 72, 8, 146, 45, 28, 19, 89, 68, 70, 144, 134, 43, 97, 111, 34, 6, 137, 129, 139, 10, 63, 119, 76, 41, 73, 77]","[18, 59, 141, 74, 35, 25, 27, 51, 148, 29, 56, 123, 24, 107, 31, 11, 90, 104, 9, 14, 124, 149, 44, 114, 143, 0, 85, 87, 32, 92]","[131, 23, 118, 12, 38, 55, 122, 49, 2, 30, 69, 54, 100, 52, 20, 15, 21, 115, 67, 61, 140, 64, 75, 109, 65, 127, 86, 48, 46, 33]"
23,8442,"[22, 42, 136, 98, 60, 7, 93, 78, 112, 50, 80, 71, 3, 95, 83, 91, 132, 57, 17, 125, 99, 58, 126, 81, 106, 101, 133, 37, 113, 105]","[135, 88, 117, 128, 116, 142, 62, 66, 79, 36, 130, 5, 138, 96, 84, 102, 94, 120, 39, 108, 26, 147, 47, 16, 121, 145, 53, 13, 103, 40, 1, 110]","[82, 4, 72, 8, 146, 45, 28, 19, 89, 68, 70, 144, 134, 43, 97, 111, 34, 6, 137, 129, 139, 10, 63, 119, 76, 41, 73, 77]","[18, 59, 141, 74, 35, 25, 27, 51, 148, 29, 56, 123, 24, 107, 31, 11, 90, 104, 9, 14, 124, 149, 44, 114, 143, 0, 85, 87, 32, 92]","[131, 23, 118, 12, 38, 55, 122, 49, 2, 30, 69, 54, 100, 52, 20, 15, 21, 115, 67, 61, 140, 64, 75, 109, 65, 127, 86, 48, 46, 33]"
24,8442,"[22, 42, 136, 98, 60, 7, 93, 78, 112, 50, 80, 71, 3, 95, 83, 91, 132, 57, 17, 125, 99, 58, 126, 81, 106, 101, 133, 37, 113, 105]","[135, 88, 117, 128, 116, 142, 62, 66, 79, 36, 130, 5, 138, 96, 84, 102, 94, 120, 39, 108, 26, 147, 47, 16, 121, 145, 53, 13, 103, 40, 1, 110]","[82, 4, 72, 8, 146, 45, 28, 19, 89, 68, 70, 144, 134, 43, 97, 111, 34, 6, 137, 129, 139, 10, 63, 119, 76, 41, 73, 77]","[18, 59, 141, 74, 35, 25, 27, 51, 148, 29, 56, 123, 24, 107, 31, 11, 90, 104, 9, 14, 124, 149, 44, 114, 143, 0, 85, 87, 32, 92]","[131, 23, 118, 12, 38, 55, 122, 49, 2, 30, 69, 54, 100, 52, 20, 15, 21, 115, 67, 61, 140, 64, 75, 109, 65, 127, 86, 48, 46, 33]"
25,8442,"[22, 42, 136, 98, 60, 7, 93, 78, 112, 50, 80, 71, 3, 95, 83, 91, 132, 57, 17, 125, 99, 58, 126, 81, 106, 101, 133, 37, 113, 105]","[135, 88, 117, 128, 116, 142, 62, 66, 79, 36, 130, 5, 138, 96, 84, 102, 94, 120, 39, 108, 26, 147, 47, 16, 121, 145, 53, 13, 103, 40, 1, 110]","[82, 4, 72, 8, 146, 45, 28, 19, 89, 68, 70, 144, 134, 43, 97, 111, 34, 6, 137, 129, 139, 10, 63, 119, 76, 41, 73, 77]","[18, 59, 141, 74, 35, 25, 27, 51, 148, 29, 56, 123, 24, 107, 31, 11, 90, 104, 9, 14, 124, 149, 44, 114, 143, 0, 85, 87, 32, 92]","[131, 23, 118, 12, 38, 55, 122, 49, 2, 30, 69, 54, 100, 52, 20, 15, 21, 115, 67, 61, 140, 64, 75, 109, 65, 127, 86, 48, 46, 33]"
26,8442,"[22, 42, 136, 98, 60, 7, 93, 78, 112, 50, 80, 71, 3, 95, 83, 91, 132, 57, 17, 125, 99, 58, 126, 81, 106, 101, 133, 37, 113, 105]","[135, 88, 117, 128, 116, 142, 62, 66, 79, 36, 130, 5, 138, 96, 84, 102, 94, 120, 39, 108, 26, 147, 47, 16, 121, 145, 53, 13, 103, 40, 1, 110]","[82, 4, 72, 8, 146, 45, 28, 19, 89, 68, 70, 144, 134, 43, 97, 111, 34, 6, 137, 129, 139, 10, 63, 119, 76, 41, 73, 77]","[18, 59, 141, 74, 35, 25, 27, 51, 148, 29, 56, 123, 24, 107, 31, 11, 90, 104, 9, 14, 124, 149, 44, 114, 143, 0, 85, 87, 32, 92]","[131, 23, 118, 12, 38, 55, 122, 49, 2, 30, 69, 54, 100, 52, 20, 15, 21, 115, 67, 61, 140, 64, 75, 109, 65, 127, 86, 48, 46, 33]"
27,8442,"[22, 42, 136, 98, 60, 7, 93, 78, 112, 50, 80, 71, 3, 95, 83, 91, 132, 57, 17, 125, 99, 58, 126, 81, 106, 101, 133, 37, 113, 105]","[135, 88, 117, 128, 116, 142, 62, 66, 79, 36, 130, 5, 138, 96, 84, 102, 94, 120, 39, 108, 26, 147, 47, 16, 121, 145, 53, 13, 103, 40, 1, 110]","[82, 4, 72, 8, 146, 45, 28, 19, 89, 68, 70, 144, 134, 43, 97, 111, 34, 6, 137, 129, 139, 10, 63, 119, 76, 41, 73, 77]","[18, 59, 141, 74, 35, 25, 27, 51, 148, 29, 56, 123, 24, 107, 31, 11, 90, 104, 9, 14, 124, 149, 44, 114, 143, 0, 85, 87, 32, 92]","[131, 23, 118, 12, 38, 55, 122, 49, 2, 30, 69, 54, 100, 52, 20, 15, 21, 115, 67, 61, 140, 64, 75, 109, 65, 127, 86, 48, 46, 33]"
28,8442,"[22, 42, 136, 98, 60, 7, 93, 78, 112, 50, 80, 71, 3, 95, 83, 91, 132, 57, 17, 125, 99, 58, 126, 81, 106, 101, 133, 37, 113, 105]","[135, 88, 117, 128, 116, 142, 62, 66, 79, 36, 130, 5, 138, 96, 84, 102, 94, 120, 39, 108, 26, 147, 47, 16, 121, 145, 53, 13, 103, 40, 1, 110]","[82, 4, 72, 8, 146, 45, 28, 19, 89, 68, 70, 144, 134, 43, 97, 111, 34, 6, 137, 129, 139, 10, 63, 119, 76, 41, 73, 77]","[18, 59, 141, 74, 35, 25, 27, 51, 148, 29, 56, 123, 24, 107, 31, 11, 90, 104, 9, 14, 124, 149, 44, 114, 143, 0, 85, 87, 32, 92]","[131, 23, 118, 12, 38, 55, 122, 49, 2, 30, 69, 54, 100, 52, 20, 15, 21, 115, 67, 61, 140, 64, 75, 109, 65, 127, 86, 48, 46, 33]"
29,8442,"[22, 42, 136, 98, 60, 7, 93, 78, 112, 50, 80, 71, 3, 95, 83, 91, 132, 57, 17, 125, 99, 58, 126, 81, 106, 101, 133, 37, 113, 105]","[135, 88, 117, 128, 116, 142, 62, 66, 79, 36, 130, 5, 138, 96, 84, 102, 94, 120, 39, 108, 26, 147, 47, 16, 121, 145, 53, 13, 103, 40, 1, 110]","[82, 4, 72, 8, 146, 45, 28, 19, 89, 68, 70, 144, 134, 43, 97, 111, 34, 6, 137, 129, 139, 10, 63, 119, 76, 41, 73, 77]","[18, 59, 141, 74, 35, 25, 27, 51, 148, 29, 56, 123, 24, 107, 31, 11, 90, 104, 9, 14, 124, 149, 44, 114, 143, 0, 85, 87, 32, 92]","[131, 23, 118, 12, 38, 55, 122, 49, 2, 30, 69, 54, 100, 52, 20, 15, 21, 115, 67, 61, 140, 64, 75, 109, 65, 127, 86, 48, 46, 33]"
30,8442,"[22, 42, 136, 98, 60, 7, 93, 78, 112, 50, 80, 71, 3, 95, 83, 91, 132, 57, 17, 125, 99, 58, 126, 81, 106, 101, 133, 37, 113, 105]","[135, 88, 117, 128, 116, 142, 62, 66, 79, 36, 130, 5, 138, 96, 84, 102, 94, 120, 39, 108, 26, 147, 47, 16, 121, 145, 53, 13, 103, 40, 1, 110]","[82, 4, 72, 8, 146, 45, 28, 19, 89, 68, 70, 144, 134, 43, 97, 111, 34, 6, 137, 129, 139, 10, 63, 119, 76, 41, 73, 77]","[18, 59, 141, 74, 35, 25, 27, 51, 148, 29, 56, 123, 24, 107, 31, 11, 90, 104, 9, 14, 124, 149, 44, 114, 143, 0, 85, 87, 32, 92]","[131, 23, 118, 12, 38, 55, 122, 49, 2, 30, 69, 54, 100, 52, 20, 15, 21, 115, 67, 61, 140, 64, 75, 109, 65, 127, 86, 48, 46, 33]"
31,8442,"[22, 42, 136, 98, 60, 7, 93, 78, 112, 50, 80, 71, 3, 95, 83, 91, 132, 57, 17, 125, 99, 58, 126, 81, 106, 101, 133, 37, 113, 105]","[135, 88, 117, 128, 116, 142, 62, 66, 79, 36, 130, 5, 138, 96, 84, 102, 94, 120, 39, 108, 26, 147, 47, 16, 121, 145, 53, 13, 103, 40, 1, 110]","[82, 4, 72, 8, 146, 45, 28, 19, 89, 68, 70, 144, 134, 43, 97, 111, 34, 6, 137, 129, 139, 10, 63, 119, 76, 41, 73, 77]","[18, 59, 141, 74, 35, 25, 27, 51, 148, 29, 56, 123, 24, 107, 31, 11, 90, 104, 9, 14, 124, 149, 44, 114, 143, 0, 85, 87, 32, 92]","[131, 23, 118, 12, 38, 55, 122, 49, 2, 30, 69, 54, 100, 52, 20, 15, 21, 115, 67, 61, 140, 64, 75, 109, 65, 127, 86, 48, 46, 33]"
32,8442,"[22, 42, 136, 98, 60, 7, 93, 78, 112, 50, 80, 71, 3, 95, 83, 91, 132, 57, 17, 125, 99, 58, 126, 81, 106, 101, 133, 37, 113, 105]","[135, 88, 117, 128, 116, 142, 62, 66, 79, 36, 130, 5, 138, 96, 84, 102, 94, 120, 39, 108, 26, 147, 47, 16, 121, 145, 53, 13, 103, 40, 1, 110]","[82, 4, 72, 8, 146, 45, 28, 19, 89, 68, 70, 144, 134, 43, 97, 111, 34, 6, 137, 129, 139, 10, 63, 119, 76, 41, 73, 77]","[18, 59, 141, 74, 35, 25, 27, 51, 148, 29, 56, 123, 24, 107, 31, 11, 90, 104, 9, 14, 124, 149, 44, 114, 143, 0, 85, 87, 32, 92]","[131, 23, 118, 12, 38, 55, 122, 49, 2, 30, 69, 54, 100, 52, 20, 15, 21, 115, 67, 61, 140, 64, 75, 109, 65, 127, 86, 48, 46, 33]"
33,8442,"[22, 42, 136, 98, 60, 7, 93, 78, 112, 50, 80, 71, 3, 95, 83, 91, 132, 57, 17, 125, 99, 58, 126, 81, 106, 101, 133, 37, 113, 105]","[135, 88, 117, 128, 116, 142, 62, 66, 79, 36, 130, 5, 138, 96, 84, 102, 94, 120, 39, 108, 26, 147, 47, 16, 121, 145, 53, 13, 103, 40, 1, 110]","[82, 4, 72, 8, 146, 45, 28, 19, 89, 68, 70, 144, 134, 43, 97, 111, 34, 6, 137, 129, 139, 10, 63, 119, 76, 41, 73, 77]","[18, 59, 141, 74, 35, 25, 27, 51, 148, 29, 56, 123, 24, 107, 31, 11, 90, 104, 9, 14, 124, 149, 44, 114, 143, 0, 85, 87, 32, 92]","[131, 23, 118, 12, 38, 55, 122, 49, 2, 30, 69, 54, 100, 52, 20, 15, 21, 115, 67, 61, 140, 64, 75, 109, 65, 127, 86, 48, 46, 33]"
34,8442,"[22, 42, 136, 98, 60, 7, 93, 78, 112, 50, 80, 71, 3, 95, 83, 91, 132, 57, 17, 125, 99, 58, 126, 81, 106, 101, 133, 37, 113, 105]","[135, 88, 117, 128, 116, 142, 62, 66, 79, 36, 130, 5, 138, 96, 84, 102, 94, 120, 39, 108, 26, 147, 47, 16, 121, 145, 53, 13, 103, 40, 1, 110]","[82, 4, 72, 8, 146, 45, 28, 19, 89, 68, 70, 144, 134, 43, 97, 111, 34, 6, 137, 129, 139, 10, 63, 119, 76, 41, 73, 77]","[18, 59, 141, 74, 35, 25, 27, 51, 148, 29, 56, 123, 24, 107, 31, 11, 90, 104, 9, 14, 124, 149, 44, 114, 143, 0, 85, 87, 32, 92]","[131, 23, 118, 12, 38, 55, 122, 49, 2, 30, 69, 54, 100, 52, 20, 15, 21, 115, 67, 61, 140, 64, 75, 109, 65, 127, 86, 48, 46, 33]"
35,8442,"[22, 42, 136, 98, 60, 7, 93, 78, 112, 50, 80, 71, 3, 95, 83, 91, 132, 57, 17, 125, 99, 58, 126, 81, 106, 101, 133, 37, 113, 105]","[135, 88, 117, 128, 116, 142, 62, 66, 79, 36, 130, 5, 138, 96, 84, 102, 94, 120, 39, 108, 26, 147, 47, 16, 121, 145, 53, 13, 103, 40, 1, 110]","[82, 4, 72, 8, 146, 45, 28, 19, 89, 68, 70, 144, 134, 43, 97, 111, 34, 6, 137, 129, 139, 10, 63, 119, 76, 41, 73, 77]","[18, 59, 141, 74, 35, 25, 27, 51, 148, 29, 56, 123, 24, 107, 31, 11, 90, 104, 9, 14, 124, 149, 44, 114, 143, 0, 85, 87, 32, 92]","[131, 23, 118, 12, 38, 55, 122, 49, 2, 30, 69, 54, 100, 52, 20, 15, 21, 115, 67, 61, 140, 64, 75, 109, 65, 127, 86, 48, 46, 33]"
36,8442,"[22, 42, 136, 98, 60, 7, 93, 78, 112, 50, 80, 71, 3, 95, 83, 91, 132, 57, 17, 125, 99, 58, 126, 81, 106, 101, 133, 37, 113, 105]","[135, 88, 117, 128, 116, 142, 62, 66, 79, 36, 130, 5, 138, 96, 84, 102, 94, 120, 39, 108, 26, 147, 47, 16, 121, 145, 53, 13, 103, 40, 1, 110]","[82, 4, 72, 8, 146, 45, 28, 19, 89, 68, 70, 144, 134, 43, 97, 111, 34, 6, 137, 129, 139, 10, 63, 119, 76, 41, 73, 77]","[18, 59, 141, 74, 35, 25, 27, 51, 148, 29, 56, 123, 24, 107, 31, 11, 90, 104, 9, 14, 124, 149, 44, 114, 143, 0, 85, 87, 32, 92]","[131, 23, 118, 12, 38, 55, 122, 49, 2, 30, 69, 54, 100, 52, 20, 15, 21, 115, 67, 61, 140, 64, 75, 109, 65, 127, 86, 48, 46, 33]"
37,8442,"[22, 42, 136, 98, 60, 7, 93, 78, 112, 50, 80, 71, 3, 95, 83, 91, 132, 57, 17, 125, 99, 58, 126, 81, 106, 101, 133, 37, 113, 105]","[135, 88, 117, 128, 116, 142, 62, 66, 79, 36, 130, 5, 138, 96, 84, 102, 94, 120, 39, 108, 26, 147, 47, 16, 121, 145, 53, 13, 103, 40, 1, 110]","[82, 4, 72, 8, 146, 45, 28, 19, 89, 68, 70, 144, 134, 43, 97, 111, 34, 6, 137, 129, 139, 10, 63, 119, 76, 41, 73, 77]","[18, 59, 141, 74, 35, 25, 27, 51, 148, 29, 56, 123, 24, 107, 31, 11, 90, 104, 9, 14, 124, 149, 44, 114, 143, 0, 85, 87, 32, 92]","[131, 23, 118, 12, 38, 55, 122, 49, 2, 30, 69, 54, 100, 52, 20, 15, 21, 115, 67, 61, 140, 64, 75, 109, 65, 127, 86, 48, 46, 33]"
38,8442,"[22, 42, 136, 98, 60, 7, 93, 78, 112, 50, 80, 71, 3, 95, 83, 91, 132, 57, 17, 125, 99, 58, 126, 81, 106, 101, 133, 37, 113, 105]","[135, 88, 117, 128, 116, 142, 62, 66, 79, 36, 130, 5, 138, 96, 84, 102, 94, 120, 39, 108, 26, 147, 47, 16, 121, 145, 53, 13, 103, 40, 1, 110]","[82, 4, 72, 8, 146, 45, 28, 19, 89, 68, 70, 144, 134, 43, 97, 111, 34, 6, 137, 129, 139, 10, 63, 119, 76, 41, 73, 77]","[18, 59, 141, 74, 35, 25, 27, 51, 148, 29, 56, 123, 24, 107, 31, 11, 90, 104, 9, 14, 124, 149, 44, 114, 143, 0, 85, 87, 32, 92]","[131, 23, 118, 12, 38, 55, 122, 49, 2, 30, 69, 54, 100, 52, 20, 15, 21, 115, 67, 61, 140, 64, 75, 109, 65, 127, 86, 48, 46, 33]"
39,8442,"[22, 42, 136, 98, 60, 7, 93, 78, 112, 50, 80, 71, 3, 95, 83, 91, 132, 57, 17, 125, 99, 58, 126, 81, 106, 101, 133, 37, 113, 105]","[135, 88, 117, 128, 116, 142, 62, 66, 79, 36, 130, 5, 138, 96, 84, 102, 94, 120, 39, 108, 26, 147, 47, 16, 121, 145, 53, 13, 103, 40, 1, 110]","[82, 4, 72, 8, 146, 45, 28, 19, 89, 68, 70, 144, 134, 43, 97, 111, 34, 6, 137, 129, 139, 10, 63, 119, 76, 41, 73, 77]","[18, 59, 141, 74, 35, 25, 27, 51, 148, 29, 56, 123, 24, 107, 31, 11, 90, 104, 9, 14, 124, 149, 44, 114, 143, 0, 85, 87, 32, 92]","[131, 23, 118, 12, 38, 55, 122, 49, 2, 30, 69, 54, 100, 52, 20, 15, 21, 115, 67, 61, 140, 64, 75, 109, 65, 127, 86, 48, 46, 33]"
40,8442,"[22, 42, 136, 98, 60, 7, 93, 78, 112, 50, 80, 71, 3, 95, 83, 91, 132, 57, 17, 125, 99, 58, 126, 81, 106, 101, 133, 37, 113, 105]","[135, 88, 117, 128, 116, 142, 62, 66, 79, 36, 130, 5, 138, 96, 84, 102, 94, 120, 39, 108, 26, 147, 47, 16, 121, 145, 53, 13, 103, 40, 1, 110]","[82, 4, 72, 8, 146, 45, 28, 19, 89, 68, 70, 144, 134, 43, 97, 111, 34, 6, 137, 129, 139, 10, 63, 119, 76, 41, 73, 77]","[18, 59, 141, 74, 35, 25, 27, 51, 148, 29, 56, 123, 24, 107, 31, 11, 90, 104, 9, 14, 124, 149, 44, 114, 143, 0, 85, 87, 32, 92]","[131, 23, 118, 12, 38, 55, 122, 49, 2, 30, 69, 54, 100, 52, 20, 15, 21, 115, 67, 61, 140, 64, 75, 109, 65, 127, 86, 48, 46, 33]"
41,8442,"[22, 42, 136, 98, 60, 7, 93, 78, 112, 50, 80, 71, 3, 95, 83, 91, 132, 57, 17, 125, 99, 58, 126, 81, 106, 101, 133, 37, 113, 105]","[135, 88, 117, 128, 116, 142, 62, 66, 79, 36, 130, 5, 138, 96, 84, 102, 94, 120, 39, 108, 26, 147, 47, 16, 121, 145, 53, 13, 103, 40, 1, 110]","[82, 4, 72, 8, 146, 45, 28, 19, 89, 68, 70, 144, 134, 43, 97, 111, 34, 6, 137, 129, 139, 10, 63, 119, 76, 41, 73, 77]","[18, 59, 141, 74, 35, 25, 27, 51, 148, 29, 56, 123, 24, 107, 31, 11, 90, 104, 9, 14, 124, 149, 44, 114, 143, 0, 85, 87, 32, 92]","[131, 23, 118, 12, 38, 55, 122, 49, 2, 30, 69, 54, 100, 52, 20, 15, 21, 115, 67, 61, 140, 64, 75, 109, 65, 127, 86, 48, 46, 33]"
42,8442,"[22, 42, 136, 98, 60, 7, 93, 78, 112, 50, 80, 71, 3, 95, 83, 91, 132, 57, 17, 125, 99, 58, 126, 81, 106, 101, 133, 37, 113, 105]","[135, 88, 117, 128, 116, 142, 62, 66, 79, 36, 130, 5, 138, 96, 84, 102, 94, 120, 39, 108, 26, 147, 47, 16, 121, 145, 53, 13, 103, 40, 1, 110]","[82, 4, 72, 8, 146, 45, 28, 19, 89, 68, 70, 144, 134, 43, 97, 111, 34, 6, 137, 129, 139, 10, 63, 119, 76, 41, 73, 77]","[18, 59, 141, 74, 35, 25, 27, 51, 148, 29, 56, 123, 24, 107, 31, 11, 90, 104, 9, 14, 124, 149, 44, 114, 143, 0, 85, 87, 32, 92]","[131, 23, 118, 12, 38, 55, 122, 49, 2, 30, 69, 54, 100, 52, 20, 15, 21, 115, 67, 61, 140, 64, 75, 109, 65, 127, 86, 48, 46, 33]"
43,8442,"[22, 42, 136, 98, 60, 7, 93, 78, 112, 50, 80, 71, 3, 95, 83, 91, 132, 57, 17, 125, 99, 58, 126, 81, 106, 101, 133, 37, 113, 105]","[135, 88, 117, 128, 116, 142, 62, 66, 79, 36, 130, 5, 138, 96, 84, 102, 94, 120, 39, 108, 26, 147, 47, 16, 121, 145, 53, 13, 103, 40, 1, 110]","[82, 4, 72, 8, 146, 45, 28, 19, 89, 68, 70, 144, 134, 43, 97, 111, 34, 6, 137, 129, 139, 10, 63, 119, 76, 41, 73, 77]","[18, 59, 141, 74, 35, 25, 27, 51, 148, 29, 56, 123, 24, 107, 31, 11, 90, 104, 9, 14, 124, 149, 44, 114, 143, 0, 85, 87, 32, 92]","[131, 23, 118, 12, 38, 55, 122, 49, 2, 30, 69, 54, 100, 52, 20, 15, 21, 115, 67, 61, 140, 64, 75, 109, 65, 127, 86, 48, 46, 33]"
44,8442,"[22, 42, 136, 98, 60, 7, 93, 78, 112, 50, 80, 71, 3, 95, 83, 91, 132, 57, 17, 125, 99, 58, 126, 81, 106, 101, 133, 37, 113, 105]","[135, 88, 117, 128, 116, 142, 62, 66, 79, 36, 130, 5, 138, 96, 84, 102, 94, 120, 39, 108, 26, 147, 47, 16, 121, 145, 53, 13, 103, 40, 1, 110]","[82, 4, 72, 8, 146, 45, 28, 19, 89, 68, 70, 144, 134, 43, 97, 111, 34, 6, 137, 129, 139, 10, 63, 119, 76, 41, 73, 77]","[18, 59, 141, 74, 35, 25, 27, 51, 148, 29, 56, 123, 24, 107, 31, 11, 90, 104, 9, 14, 124, 149, 44, 114, 143, 0, 85, 87, 32, 92]","[131, 23, 118, 12, 38, 55, 122, 49, 2, 30, 69, 54, 100, 52, 20, 15, 21, 115, 67, 61, 140, 64, 75, 109, 65, 127, 86, 48, 46, 33]"
45,8442,"[22, 42, 136, 98, 60, 7, 93, 78, 112, 50, 80, 71, 3, 95, 83, 91, 132, 57, 17, 125, 99, 58, 126, 81, 106, 101, 133, 37, 113, 105]","[135, 88, 117, 128, 116, 142, 62, 66, 79, 36, 130, 5, 138, 96, 84, 102, 94, 120, 39, 108, 26, 147, 47, 16, 121, 145, 53, 13, 103, 40, 1, 110]","[82, 4, 72, 8, 146, 45, 28, 19, 89, 68, 70, 144, 134, 43, 97, 111, 34, 6, 137, 129, 139, 10, 63, 119, 76, 41, 73, 77]","[18, 59, 141, 74, 35, 25, 27, 51, 148, 29, 56, 123, 24, 107, 31, 11, 90, 104, 9, 14, 124, 149, 44, 114, 143, 0, 85, 87, 32, 92]","[131, 23, 118, 12, 38, 55, 122, 49, 2, 30, 69, 54, 100, 52, 20, 15, 21, 115, 67, 61, 140, 64, 75, 109, 65, 127, 86, 48, 46, 33]"
46,8442,"[22, 42, 136, 98, 60, 7, 93, 78, 112, 50, 80, 71, 3, 95, 83, 91, 132, 57, 17, 125, 99, 58, 126, 81, 106, 101, 133, 37, 113, 105]","[135, 88, 117, 128, 116, 142, 62, 66, 79, 36, 130, 5, 138, 96, 84, 102, 94, 120, 39, 108, 26, 147, 47, 16, 121, 145, 53, 13, 103, 40, 1, 110]","[82, 4, 72, 8, 146, 45, 28, 19, 89, 68, 70, 144, 134, 43, 97, 111, 34, 6, 137, 129, 139, 10, 63, 119, 76, 41, 73, 77]","[18, 59, 141, 74, 35, 25, 27, 51, 148, 29, 56, 123, 24, 107, 31, 11, 90, 104, 9, 14, 124, 149, 44, 114, 143, 0, 85, 87, 32, 92]","[131, 23, 118, 12, 38, 55, 122, 49, 2, 30, 69, 54, 100, 52, 20, 15, 21, 115, 67, 61, 140, 64, 75, 109, 65, 127, 86, 48, 46, 33]"
47,8442,"[22, 42, 136, 98, 60, 7, 93, 78, 112, 50, 80, 71, 3, 95, 83, 91, 132, 57, 17, 125, 99, 58, 126, 81, 106, 101, 133, 37, 113, 105]","[135, 88, 117, 128, 116, 142, 62, 66, 79, 36, 130, 5, 138, 96, 84, 102, 94, 120, 39, 108, 26, 147, 47, 16, 121, 145, 53, 13, 103, 40, 1, 110]","[82, 4, 72, 8, 146, 45, 28, 19, 89, 68, 70, 144, 134, 43, 97, 111, 34, 6, 137, 129, 139, 10, 63, 119, 76, 41, 73, 77]","[18, 59, 141, 74, 35, 25, 27, 51, 148, 29, 56, 123, 24, 107, 31, 11, 90, 104, 9, 14, 124, 149, 44, 114, 143, 0, 85, 87, 32, 92]","[131, 23, 118, 12, 38, 55, 122, 49, 2, 30, 69, 54, 100, 52, 20, 15, 21, 115, 67, 61, 140, 64, 75, 109, 65, 127, 86, 48, 46, 33]"
48,8442,"[22, 42, 136, 98, 60, 7, 93, 78, 112, 50, 80, 71, 3, 95, 83, 91, 132, 57, 17, 125, 99, 58, 126, 81, 106, 101, 133, 37, 113, 105]","[135, 88, 117, 128, 116, 142, 62, 66, 79, 36, 130, 5, 138, 96, 84, 102, 94, 120, 39, 108, 26, 147, 47, 16, 121, 145, 53, 13, 103, 40, 1, 110]","[82, 4, 72, 8, 146, 45, 28, 19, 89, 68, 70, 144, 134, 43, 97, 111, 34, 6, 137, 129, 139, 10, 63, 119, 76, 41, 73, 77]","[18, 59, 141, 74, 35, 25, 27, 51, 148, 29, 56, 123, 24, 107, 31, 11, 90, 104, 9, 14, 124, 149, 44, 114, 143, 0, 85, 87, 32, 92]","[131, 23, 118, 12, 38, 55, 122, 49, 2, 30, 69, 54, 100, 52, 20, 15, 21, 115, 67, 61, 140, 64, 75, 109, 65, 127, 86, 48, 46, 33]"
49,8442,"[22, 42, 136, 98, 60, 7, 93, 78, 112, 50, 80, 71, 3, 95, 83, 91, 132, 57, 17, 125, 99, 58, 126, 81, 106, 101, 133, 37, 113, 105]","[135, 88, 117, 128, 116, 142, 62, 66, 79, 36, 130, 5, 138, 96, 84, 102, 94, 120, 39, 108, 26, 147, 47, 16, 121, 145, 53, 13, 103, 40, 1, 110]","[82, 4, 72, 8, 146, 45, 28, 19, 89, 68, 70, 144, 134, 43, 97, 111, 34, 6, 137, 129, 139, 10, 63, 119, 76, 41, 73, 77]","[18, 59, 141, 74, 35, 25, 27, 51, 148, 29, 56, 123, 24, 107, 31, 11, 90, 104, 9, 14, 124, 149, 44, 114, 143, 0, 85, 87, 32, 92]","[131, 23, 118, 12, 38, 55, 122, 49, 2, 30, 69, 54, 100, 52, 20, 15, 21, 115, 67, 61, 140, 64, 75, 109, 65, 127, 86, 48, 46, 33]"
50,8442,"[22, 42, 136, 98, 60, 7, 93, 78, 112, 50, 80, 71, 3, 95, 83, 91, 132, 57, 17, 125, 99, 58, 126, 81, 106, 101, 133, 37, 113, 105]","[135, 88, 117, 128, 116, 142, 62, 66, 79, 36, 130, 5, 138, 96, 84, 102, 94, 120, 39, 108, 26, 147, 47, 16, 121, 145, 53, 13, 103, 40, 1, 110]","[82, 4, 72, 8, 146, 45, 28, 19, 89, 68, 70, 144, 134, 43, 97, 111, 34, 6, 137, 129, 139, 10, 63, 119, 76, 41, 73, 77]","[18, 59, 141, 74, 35, 25, 27, 51, 148, 29, 56, 123, 24, 107, 31, 11, 90, 104, 9, 14, 124, 149, 44, 114, 143, 0, 85, 87, 32, 92]","[131, 23, 118, 12, 38, 55, 122, 49, 2, 30, 69, 54, 100, 52, 20, 15, 21, 115, 67, 61, 140, 64, 75, 109, 65, 127, 86, 48, 46, 33]"
51,8442,"[22, 42, 136, 98, 60, 7, 93, 78, 112, 50, 80, 71, 3, 95, 83, 91, 132, 57, 17, 125, 99, 58, 126, 81, 106, 101, 133, 37, 113, 105]","[135, 88, 117, 128, 116, 142, 62, 66, 79, 36, 130, 5, 138, 96, 84, 102, 94, 120, 39, 108, 26, 147, 47, 16, 121, 145, 53, 13, 103, 40, 1, 110]","[82, 4, 72, 8, 146, 45, 28, 19, 89, 68, 70, 144, 134, 43, 97, 111, 34, 6, 137, 129, 139, 10, 63, 119, 76, 41, 73, 77]","[18, 59, 141, 74, 35, 25, 27, 51, 148, 29, 56, 123, 24, 107, 31, 11, 90, 104, 9, 14, 124, 149, 44, 114, 143, 0, 85, 87, 32, 92]","[131, 23, 118, 12, 38, 55, 122, 49, 2, 30, 69, 54, 100, 52, 20, 15, 21, 115, 67, 61, 140, 64, 75, 109, 65, 127, 86, 48, 46, 33]"
52,8442,"[22, 42, 136, 98, 60, 7, 93, 78, 112, 50, 80, 71, 3, 95, 83, 91, 132, 57, 17, 125, 99, 58, 126, 81, 106, 101, 133, 37, 113, 105]","[135, 88, 117, 128, 116, 142, 62, 66, 79, 36, 130, 5, 138, 96, 84, 102, 94, 120, 39, 108, 26, 147, 47, 16, 121, 145, 53, 13, 103, 40, 1, 110]","[82, 4, 72, 8, 146, 45, 28, 19, 89, 68, 70, 144, 134, 43, 97, 111, 34, 6, 137, 129, 139, 10, 63, 119, 76, 41, 73, 77]","[18, 59, 141, 74, 35, 25, 27, 51, 148, 29, 56, 123, 24, 107, 31, 11, 90, 104, 9, 14, 124, 149, 44, 114, 143, 0, 85, 87, 32, 92]","[131, 23, 118, 12, 38, 55, 122, 49, 2, 30, 69, 54, 100, 52, 20, 15, 21, 115, 67, 61, 140, 64, 75, 109, 65, 127, 86, 48, 46, 33]"
53,8442,"[22, 42, 136, 98, 60, 7, 93, 78, 112, 50, 80, 71, 3, 95, 83, 91, 132, 57, 17, 125, 99, 58, 126, 81, 106, 101, 133, 37, 113, 105]","[135, 88, 117, 128, 116, 142, 62, 66, 79, 36, 130, 5, 138, 96, 84, 102, 94, 120, 39, 108, 26, 147, 47, 16, 121, 145, 53, 13, 103, 40, 1, 110]","[82, 4, 72, 8, 146, 45, 28, 19, 89, 68, 70, 144, 134, 43, 97, 111, 34, 6, 137, 129, 139, 10, 63, 119, 76, 41, 73, 77]","[18, 59, 141, 74, 35, 25, 27, 51, 148, 29, 56, 123, 24, 107, 31, 11, 90, 104, 9, 14, 124, 149, 44, 114, 143, 0, 85, 87, 32, 92]","[131, 23, 118, 12, 38, 55, 122, 49, 2, 30, 69, 54, 100, 52, 20, 15, 21, 115, 67, 61, 140, 64, 75, 109, 65, 127, 86, 48, 46, 33]"
54,8442,"[22, 42, 136, 98, 60, 7, 93, 78, 112, 50, 80, 71, 3, 95, 83, 91, 132, 57, 17, 125, 99, 58, 126, 81, 106, 101, 133, 37, 113, 105]","[135, 88, 117, 128, 116, 142, 62, 66, 79, 36, 130, 5, 138, 96, 84, 102, 94, 120, 39, 108, 26, 147, 47, 16, 121, 145, 53, 13, 103, 40, 1, 110]","[82, 4, 72, 8, 146, 45, 28, 19, 89, 68, 70, 144, 134, 43, 97, 111, 34, 6, 137, 129, 139, 10, 63, 119, 76, 41, 73, 77]","[18, 59, 141, 74, 35, 25, 27, 51, 148, 29, 56, 123, 24, 107, 31, 11, 90, 104, 9, 14, 124, 149, 44, 114, 143, 0, 85, 87, 32, 92]","[131, 23, 118, 12, 38, 55, 122, 49, 2, 30, 69, 54, 100, 52, 20, 15, 21, 115, 67, 61, 140, 64, 75, 109, 65, 127, 86, 48, 46, 33]"
55,8442,"[22, 42, 136, 98, 60, 7, 93, 78, 112, 50, 80, 71, 3, 95, 83, 91, 132, 57, 17, 125, 99, 58, 126, 81, 106, 101, 133, 37, 113, 105]","[135, 88, 117, 128, 116, 142, 62, 66, 79, 36, 130, 5, 138, 96, 84, 102, 94, 120, 39, 108, 26, 147, 47, 16, 121, 145, 53, 13, 103, 40, 1, 110]","[82, 4, 72, 8, 146, 45, 28, 19, 89, 68, 70, 144, 134, 43, 97, 111, 34, 6, 137, 129, 139, 10, 63, 119, 76, 41, 73, 77]","[18, 59, 141, 74, 35, 25, 27, 51, 148, 29, 56, 123, 24, 107, 31, 11, 90, 104, 9, 14, 124, 149, 44, 114, 143, 0, 85, 87, 32, 92]","[131, 23, 118, 12, 38, 55, 122, 49, 2, 30, 69, 54, 100, 52, 20, 15, 21, 115, 67, 61, 140, 64, 75, 109, 65, 127, 86, 48, 46, 33]"
56,8442,"[22, 42, 136, 98, 60, 7, 93, 78, 112, 50, 80, 71, 3, 95, 83, 91, 132, 57, 17, 125, 99, 58, 126, 81, 106, 101, 133, 37, 113, 105]","[135, 88, 117, 128, 116, 142, 62, 66, 79, 36, 130, 5, 138, 96, 84, 102, 94, 120, 39, 108, 26, 147, 47, 16, 121, 145, 53, 13, 103, 40, 1, 110]","[82, 4, 72, 8, 146, 45, 28, 19, 89, 68, 70, 144, 134, 43, 97, 111, 34, 6, 137, 129, 139, 10, 63, 119, 76, 41, 73, 77]","[18, 59, 141, 74, 35, 25, 27, 51, 148, 29, 56, 123, 24, 107, 31, 11, 90, 104, 9, 14, 124, 149, 44, 114, 143, 0, 85, 87, 32, 92]","[131, 23, 118, 12, 38, 55, 122, 49, 2, 30, 69, 54, 100, 52, 20, 15, 21, 115, 67, 61, 140, 64, 75, 109, 65, 127, 86, 48, 46, 33]"
57,8442,"[22, 42, 136, 98, 60, 7, 93, 78, 112, 50, 80, 71, 3, 95, 83, 91, 132, 57, 17, 125, 99, 58, 126, 81, 106, 101, 133, 37, 113, 105]","[135, 88, 117, 128, 116, 142, 62, 66, 79, 36, 130, 5, 138, 96, 84, 102, 94, 120, 39, 108, 26, 147, 47, 16, 121, 145, 53, 13, 103, 40, 1, 110]","[82, 4, 72, 8, 146, 45, 28, 19, 89, 68, 70, 144, 134, 43, 97, 111, 34, 6, 137, 129, 139, 10, 63, 119, 76, 41, 73, 77]","[18, 59, 141, 74, 35, 25, 27, 51, 148, 29, 56, 123, 24, 107, 31, 11, 90, 104, 9, 14, 124, 149, 44, 114, 143, 0, 85, 87, 32, 92]","[131, 23, 118, 12, 38, 55, 122, 49, 2, 30, 69, 54, 100, 52, 20, 15, 21, 115, 67, 61, 140, 64, 75, 109, 65, 127, 86, 48, 46, 33]"
58,8442,"[22, 42, 136, 98, 60, 7, 93, 78, 112, 50, 80, 71, 3, 95, 83, 91, 132, 57, 17, 125, 99, 58, 126, 81, 106, 101, 133, 37, 113, 105]","[135, 88, 117, 128, 116, 142, 62, 66, 79, 36, 130, 5, 138, 96, 84, 102, 94, 120, 39, 108, 26, 147, 47, 16, 121, 145, 53, 13, 103, 40, 1, 110]","[82, 4, 72, 8, 146, 45, 28, 19, 89, 68, 70, 144, 134, 43, 97, 111, 34, 6, 137, 129, 139, 10, 63, 119, 76, 41, 73, 77]","[18, 59, 141, 74, 35, 25, 27, 51, 148, 29, 56, 123, 24, 107, 31, 11, 90, 104, 9, 14, 124, 149, 44, 114, 143, 0, 85, 87, 32, 92]","[131, 23, 118, 12, 38, 55, 122, 49, 2, 30, 69, 54, 100, 52, 20, 15, 21, 115, 67, 61, 140, 64, 75, 109, 65, 127, 86, 48, 46, 33]"
59,8442,"[22, 42, 136, 98, 60, 7, 93, 78, 112, 50, 80, 71, 3, 95, 83, 91, 132, 57, 17, 125, 99, 58, 126, 81, 106, 101, 133, 37, 113, 105]","[135, 88, 117, 128, 116, 142, 62, 66, 79, 36, 130, 5, 138, 96, 84, 102, 94, 120, 39, 108, 26, 147, 47, 16, 121, 145, 53, 13, 103, 40, 1, 110]","[82, 4, 72, 8, 146, 45, 28, 19, 89, 68, 70, 144, 134, 43, 97, 111, 34, 6, 137, 129, 139, 10, 63, 119, 76, 41, 73, 77]","[18, 59, 141, 74, 35, 25, 27, 51, 148, 29, 56, 123, 24, 107, 31, 11, 90, 104, 9, 14, 124, 149, 44, 114, 143, 0, 85, 87, 32, 92]","[131, 23, 118, 12, 38, 55, 122, 49, 2, 30, 69, 54, 100, 52, 20, 15, 21, 115, 67, 61, 140, 64, 75, 109, 65, 127, 86, 48, 46, 33]"
60,8442,"[22, 42, 136, 98, 60, 7, 93, 78, 112, 50, 80, 71, 3, 95, 83, 91, 132, 57, 17, 125, 99, 58, 126, 81, 106, 101, 133, 37, 113, 105]","[135, 88, 117, 128, 116, 142, 62, 66, 79, 36, 130, 5, 138, 96, 84, 102, 94, 120, 39, 108, 26, 147, 47, 16, 121, 145, 53, 13, 103, 40, 1, 110]","[82, 4, 72, 8, 146, 45, 28, 19, 89, 68, 70, 144, 134, 43, 97, 111, 34, 6, 137, 129, 139, 10, 63, 119, 76, 41, 73, 77]","[18, 59, 141, 74, 35, 25, 27, 51, 148, 29, 56, 123, 24, 107, 31, 11, 90, 104, 9, 14, 124, 149, 44, 114, 143, 0, 85, 87, 32, 92]","[131, 23, 118, 12, 38, 55, 122, 49, 2, 30, 69, 54, 100, 52, 20, 15, 21, 115, 67, 61, 140, 64, 75, 109, 65, 127, 86, 48, 46, 33]"
61,8442,"[22, 42, 136, 98, 60, 7, 93, 78, 112, 50, 80, 71, 3, 95, 83, 91, 132, 57, 17, 125, 99, 58, 126, 81, 106, 101, 133, 37, 113, 105]","[135, 88, 117, 128, 116, 142, 62, 66, 79, 36, 130, 5, 138, 96, 84, 102, 94, 120, 39, 108, 26, 147, 47, 16, 121, 145, 53, 13, 103, 40, 1, 110]","[82, 4, 72, 8, 146, 45, 28, 19, 89, 68, 70, 144, 134, 43, 97, 111, 34, 6, 137, 129, 139, 10, 63, 119, 76, 41, 73, 77]","[18, 59, 141, 74, 35, 25, 27, 51, 148, 29, 56, 123, 24, 107, 31, 11, 90, 104, 9, 14, 124, 149, 44, 114, 143, 0, 85, 87, 32, 92]","[131, 23, 118, 12, 38, 55, 122, 49, 2, 30, 69, 54, 100, 52, 20, 15, 21, 115, 67, 61, 140, 64, 75, 109, 65, 127, 86, 48, 46, 33]"
62,8442,"[22, 42, 136, 98, 60, 7, 93, 78, 112, 50, 80, 71, 3, 95, 83, 91, 132, 57, 17, 125, 99, 58, 126, 81, 106, 101, 133, 37, 113, 105]","[135, 88, 117, 128, 116, 142, 62, 66, 79, 36, 130, 5, 138, 96, 84, 102, 94, 120, 39, 108, 26, 147, 47, 16, 121, 145, 53, 13, 103, 40, 1, 110]","[82, 4, 72, 8, 146, 45, 28, 19, 89, 68, 70, 144, 134, 43, 97, 111, 34, 6, 137, 129, 139, 10, 63, 119, 76, 41, 73, 77]","[18, 59, 141, 74, 35, 25, 27, 51, 148, 29, 56, 123, 24, 107, 31, 11, 90, 104, 9, 14, 124, 149, 44, 114, 143, 0, 85, 87, 32, 92]","[131, 23, 118, 12, 38, 55, 122, 49, 2, 30, 69, 54, 100, 52, 20, 15, 21, 115, 67, 61, 140, 64, 75, 109, 65, 127, 86, 48, 46, 33]"
63,8442,"[22, 42, 136, 98, 60, 7, 93, 78, 112, 50, 80, 71, 3, 95, 83, 91, 132, 57, 17, 125, 99, 58, 126, 81, 106, 101, 133, 37, 113, 105]","[135, 88, 117, 128, 116, 142, 62, 66, 79, 36, 130, 5, 138, 96, 84, 102, 94, 120, 39, 108, 26, 147, 47, 16, 121, 145, 53, 13, 103, 40, 1, 110]","[82, 4, 72, 8, 146, 45, 28, 19, 89, 68, 70, 144, 134, 43, 97, 111, 34, 6, 137, 129, 139, 10, 63, 119, 76, 41, 73, 77]","[18, 59, 141, 74, 35, 25, 27, 51, 148, 29, 56, 123, 24, 107, 31, 11, 90, 104, 9, 14, 124, 149, 44, 114, 143, 0, 85, 87, 32, 92]","[131, 23, 118, 12, 38, 55, 122, 49, 2, 30, 69, 54, 100, 52, 20, 15, 21, 115, 67, 61, 140, 64, 75, 109, 65, 127, 86, 48, 46, 33]"
64,8442,"[22, 42, 136, 98, 60, 7, 93, 78, 112, 50, 80, 71, 3, 95, 83, 91, 132, 57, 17, 125, 99, 58, 126, 81, 106, 101, 133, 37, 113, 105]","[135, 88, 117, 128, 116, 142, 62, 66, 79, 36, 130, 5, 138, 96, 84, 102, 94, 120, 39, 108, 26, 147, 47, 16, 121, 145, 53, 13, 103, 40, 1, 110]","[82, 4, 72, 8, 146, 45, 28, 19, 89, 68, 70, 144, 134, 43, 97, 111, 34, 6, 137, 129, 139, 10, 63, 119, 76, 41, 73, 77]","[18, 59, 141, 74, 35, 25, 27, 51, 148, 29, 56, 123, 24, 107, 31, 11, 90, 104, 9, 14, 124, 149, 44, 114, 143, 0, 85, 87, 32, 92]","[131, 23, 118, 12, 38, 55, 122, 49, 2, 30, 69, 54, 100, 52, 20, 15, 21, 115, 67, 61, 140, 64, 75, 109, 65, 127, 86, 48, 46, 33]"
65,8442,"[22, 42, 136, 98, 60, 7, 93, 78, 112, 50, 80, 71, 3, 95, 83, 91, 132, 57, 17, 125, 99, 58, 126, 81, 106, 101, 133, 37, 113, 105]","[135, 88, 117, 128, 116, 142, 62, 66, 79, 36, 130, 5, 138, 96, 84, 102, 94, 120, 39, 108, 26, 147, 47, 16, 121, 145, 53, 13, 103, 40, 1, 110]","[82, 4, 72, 8, 146, 45, 28, 19, 89, 68, 70, 144, 134, 43, 97, 111, 34, 6, 137, 129, 139, 10, 63, 119, 76, 41, 73, 77]","[18, 59, 141, 74, 35, 25, 27, 51, 148, 29, 56, 123, 24, 107, 31, 11, 90, 104, 9, 14, 124, 149, 44, 114, 143, 0, 85, 87, 32, 92]","[131, 23, 118, 12, 38, 55, 122, 49, 2, 30, 69, 54, 100, 52, 20, 15, 21, 115, 67, 61, 140, 64, 75, 109, 65, 127, 86, 48, 46, 33]"
66,8442,"[22, 42, 136, 98, 60, 7, 93, 78, 112, 50, 80, 71, 3, 95, 83, 91, 132, 57, 17, 125, 99, 58, 126, 81, 106, 101, 133, 37, 113, 105]","[135, 88, 117, 128, 116, 142, 62, 66, 79, 36, 130, 5, 138, 96, 84, 102, 94, 120, 39, 108, 26, 147, 47, 16, 121, 145, 53, 13, 103, 40, 1, 110]","[82, 4, 72, 8, 146, 45, 28, 19, 89, 68, 70, 144, 134, 43, 97, 111, 34, 6, 137, 129, 139, 10, 63, 119, 76, 41, 73, 77]","[18, 59, 141, 74, 35, 25, 27, 51, 148, 29, 56, 123, 24, 107, 31, 11, 90, 104, 9, 14, 124, 149, 44, 114, 143, 0, 85, 87, 32, 92]","[131, 23, 118, 12, 38, 55, 122, 49, 2, 30, 69, 54, 100, 52, 20, 15, 21, 115, 67, 61, 140, 64, 75, 109, 65, 127, 86, 48, 46, 33]"
67,8442,"[22, 42, 136, 98, 60, 7, 93, 78, 112, 50, 80, 71, 3, 95, 83, 91, 132, 57, 17, 125, 99, 58, 126, 81, 106, 101, 133, 37, 113, 105]","[135, 88, 117, 128, 116, 142, 62, 66, 79, 36, 130, 5, 138, 96, 84, 102, 94, 120, 39, 108, 26, 147, 47, 16, 121, 145, 53, 13, 103, 40, 1, 110]","[82, 4, 72, 8, 146, 45, 28, 19, 89, 68, 70, 144, 134, 43, 97, 111, 34, 6, 137, 129, 139, 10, 63, 119, 76, 41, 73, 77]","[18, 59, 141, 74, 35, 25, 27, 51, 148, 29, 56, 123, 24, 107, 31, 11, 90, 104, 9, 14, 124, 149, 44, 114, 143, 0, 85, 87, 32, 92]","[131, 23, 118, 12, 38, 55, 122, 49, 2, 30, 69, 54, 100, 52, 20, 15, 21, 115, 67, 61, 140, 64, 75, 109, 65, 127, 86, 48, 46, 33]"
68,8442,"[22, 42, 136, 98, 60, 7, 93, 78, 112, 50, 80, 71, 3, 95, 83, 91, 132, 57, 17, 125, 99, 58, 126, 81, 106, 101, 133, 37, 113, 105]","[135, 88, 117, 128, 116, 142, 62, 66, 79, 36, 130, 5, 138, 96, 84, 102, 94, 120, 39, 108, 26, 147, 47, 16, 121, 145, 53, 13, 103, 40, 1, 110]","[82, 4, 72, 8, 146, 45, 28, 19, 89, 68, 70, 144, 134, 43, 97, 111, 34, 6, 137, 129, 139, 10, 63, 119, 76, 41, 73, 77]","[18, 59, 141, 74, 35, 25, 27, 51, 148, 29, 56, 123, 24, 107, 31, 11, 90, 104, 9, 14, 124, 149, 44, 114, 143, 0, 85, 87, 32, 92]","[131, 23, 118, 12, 38, 55, 122, 49, 2, 30, 69, 54, 100, 52, 20, 15, 21, 115, 67, 61, 140, 64, 75, 109, 65, 127, 86, 48, 46, 33]"
69,8442,"[22, 42, 136, 98, 60, 7, 93, 78, 112, 50, 80, 71, 3, 95, 83, 91, 132, 57, 17, 125, 99, 58, 126, 81, 106, 101, 133, 37, 113, 105]","[135, 88, 117, 128, 116, 142, 62, 66, 79, 36, 130, 5, 138, 96, 84, 102, 94, 120, 39, 108, 26, 147, 47, 16, 121, 145, 53, 13, 103, 40, 1, 110]","[82, 4, 72, 8, 146, 45, 28, 19, 89, 68, 70, 144, 134, 43, 97, 111, 34, 6, 137, 129, 139, 10, 63, 119, 76, 41, 73, 77]","[18, 59, 141, 74, 35, 25, 27, 51, 148, 29, 56, 123, 24, 107, 31, 11, 90, 104, 9, 14, 124, 149, 44, 114, 143, 0, 85, 87, 32, 92]","[131, 23, 118, 12, 38, 55, 122, 49, 2, 30, 69, 54, 100, 52, 20, 15, 21, 115, 67, 61, 140, 64, 75, 109, 65, 127, 86, 48, 46, 33]"
70,8442,"[22, 42, 136, 98, 60, 7, 93, 78, 112, 50, 80, 71, 3, 95, 83, 91, 132, 57, 17, 125, 99, 58, 126, 81, 106, 101, 133, 37, 113, 105]","[135, 88, 117, 128, 116, 142, 62, 66, 79, 36, 130, 5, 138, 96, 84, 102, 94, 120, 39, 108, 26, 147, 47, 16, 121, 145, 53, 13, 103, 40, 1, 110]","[82, 4, 72, 8, 146, 45, 28, 19, 89, 68, 70, 144, 134, 43, 97, 111, 34, 6, 137, 129, 139, 10, 63, 119, 76, 41, 73, 77]","[18, 59, 141, 74, 35, 25, 27, 51, 148, 29, 56, 123, 24, 107, 31, 11, 90, 104, 9, 14, 124, 149, 44, 114, 143, 0, 85, 87, 32, 92]","[131, 23, 118, 12, 38, 55, 122, 49, 2, 30, 69, 54, 100, 52, 20, 15, 21, 115, 67, 61, 140, 64, 75, 109, 65, 127, 86, 48, 46, 33]"
71,8442,"[22, 42, 136, 98, 60, 7, 93, 78, 112, 50, 80, 71, 3, 95, 83, 91, 132, 57, 17, 125, 99, 58, 126, 81, 106, 101, 133, 37, 113, 105]","[135, 88, 117, 128, 116, 142, 62, 66, 79, 36, 130, 5, 138, 96, 84, 102, 94, 120, 39, 108, 26, 147, 47, 16, 121, 145, 53, 13, 103, 40, 1, 110]","[82, 4, 72, 8, 146, 45, 28, 19, 89, 68, 70, 144, 134, 43, 97, 111, 34, 6, 137, 129, 139, 10, 63, 119, 76, 41, 73, 77]","[18, 59, 141, 74, 35, 25, 27, 51, 148, 29, 56, 123, 24, 107, 31, 11, 90, 104, 9, 14, 124, 149, 44, 114, 143, 0, 85, 87, 32, 92]","[131, 23, 118, 12, 38, 55, 122, 49, 2, 30, 69, 54, 100, 52, 20, 15, 21, 115, 67, 61, 140, 64, 75, 109, 65, 127, 86, 48, 46, 33]"
72,8442,"[22, 42, 136, 98, 60, 7, 93, 78, 112, 50, 80, 71, 3, 95, 83, 91, 132, 57, 17, 125, 99, 58, 126, 81, 106, 101, 133, 37, 113, 105]","[135, 88, 117, 128, 116, 142, 62, 66, 79, 36, 130, 5, 138, 96, 84, 102, 94, 120, 39, 108, 26, 147, 47, 16, 121, 145, 53, 13, 103, 40, 1, 110]","[82, 4, 72, 8, 146, 45, 28, 19, 89, 68, 70, 144, 134, 43, 97, 111, 34, 6, 137, 129, 139, 10, 63, 119, 76, 41, 73, 77]","[18, 59, 141, 74, 35, 25, 27, 51, 148, 29, 56, 123, 24, 107, 31, 11, 90, 104, 9, 14, 124, 149, 44, 114, 143, 0, 85, 87, 32, 92]","[131, 23, 118, 12, 38, 55, 122, 49, 2, 30, 69, 54, 100, 52, 20, 15, 21, 115, 67, 61, 140, 64, 75, 109, 65, 127, 86, 48, 46, 33]"
73,8442,"[22, 42, 136, 98, 60, 7, 93, 78, 112, 50, 80, 71, 3, 95, 83, 91, 132, 57, 17, 125, 99, 58, 126, 81, 106, 101, 133, 37, 113, 105]","[135, 88, 117, 128, 116, 142, 62, 66, 79, 36, 130, 5, 138, 96, 84, 102, 94, 120, 39, 108, 26, 147, 47, 16, 121, 145, 53, 13, 103, 40, 1, 110]","[82, 4, 72, 8, 146, 45, 28, 19, 89, 68, 70, 144, 134, 43, 97, 111, 34, 6, 137, 129, 139, 10, 63, 119, 76, 41, 73, 77]","[18, 59, 141, 74, 35, 25, 27, 51, 148, 29, 56, 123, 24, 107, 31, 11, 90, 104, 9, 14, 124, 149, 44, 114, 143, 0, 85, 87, 32, 92]","[131, 23, 118, 12, 38, 55, 122, 49, 2, 30, 69, 54, 100, 52, 20, 15, 21, 115, 67, 61, 140, 64, 75, 109, 65, 127, 86, 48, 46, 33]"
74,8442,"[22, 42, 136, 98, 60, 7, 93, 78, 112, 50, 80, 71, 3, 95, 83, 91, 132, 57, 17, 125, 99, 58, 126, 81, 106, 101, 133, 37, 113, 105]","[135, 88, 117, 128, 116, 142, 62, 66, 79, 36, 130, 5, 138, 96, 84, 102, 94, 120, 39, 108, 26, 147, 47, 16, 121, 145, 53, 13, 103, 40, 1, 110]","[82, 4, 72, 8, 146, 45, 28, 19, 89, 68, 70, 144, 134, 43, 97, 111, 34, 6, 137, 129, 139, 10, 63, 119, 76, 41, 73, 77]","[18, 59, 141, 74, 35, 25, 27, 51, 148, 29, 56, 123, 24, 107, 31, 11, 90, 104, 9, 14, 124, 149, 44, 114, 143, 0, 85, 87, 32, 92]","[131, 23, 118, 12, 38, 55, 122, 49, 2, 30, 69, 54, 100, 52, 20, 15, 21, 115, 67, 61, 140, 64, 75, 109, 65, 127, 86, 48, 46, 33]"
75,8442,"[22, 42, 136, 98, 60, 7, 93, 78, 112, 50, 80, 71, 3, 95, 83, 91, 132, 57, 17, 125, 99, 58, 126, 81, 106, 101, 133, 37, 113, 105]","[135, 88, 117, 128, 116, 142, 62, 66, 79, 36, 130, 5, 138, 96, 84, 102, 94, 120, 39, 108, 26, 147, 47, 16, 121, 145, 53, 13, 103, 40, 1, 110]","[82, 4, 72, 8, 146, 45, 28, 19, 89, 68, 70, 144, 134, 43, 97, 111, 34, 6, 137, 129, 139, 10, 63, 119, 76, 41, 73, 77]","[18, 59, 141, 74, 35, 25, 27, 51, 148, 29, 56, 123, 24, 107, 31, 11, 90, 104, 9, 14, 124, 149, 44, 114, 143, 0, 85, 87, 32, 92]","[131, 23, 118, 12, 38, 55, 122, 49, 2, 30, 69, 54, 100, 52, 20, 15, 21, 115, 67, 61, 140, 64, 75, 109, 65, 127, 86, 48, 46, 33]"
76,8442,"[22, 42, 136, 98, 60, 7, 93, 78, 112, 50, 80, 71, 3, 95, 83, 91, 132, 57, 17, 125, 99, 58, 126, 81, 106, 101, 133, 37, 113, 105]","[135, 88, 117, 128, 116, 142, 62, 66, 79, 36, 130, 5, 138, 96, 84, 102, 94, 120, 39, 108, 26, 147, 47, 16, 121, 145, 53, 13, 103, 40, 1, 110]","[82, 4, 72, 8, 146, 45, 28, 19, 89, 68, 70, 144, 134, 43, 97, 111, 34, 6, 137, 129, 139, 10, 63, 119, 76, 41, 73, 77]","[18, 59, 141, 74, 35, 25, 27, 51, 148, 29, 56, 123, 24, 107, 31, 11, 90, 104, 9, 14, 124, 149, 44, 114, 143, 0, 85, 87, 32, 92]","[131, 23, 118, 12, 38, 55, 122, 49, 2, 30, 69, 54, 100, 52, 20, 15, 21, 115, 67, 61, 140, 64, 75, 109, 65, 127, 86, 48, 46, 33]"
77,8442,"[22, 42, 136, 98, 60, 7, 93, 78, 112, 50, 80, 71, 3, 95, 83, 91, 132, 57, 17, 125, 99, 58, 126, 81, 106, 101, 133, 37, 113, 105]","[135, 88, 117, 128, 116, 142, 62, 66, 79, 36, 130, 5, 138, 96, 84, 102, 94, 120, 39, 108, 26, 147, 47, 16, 121, 145, 53, 13, 103, 40, 1, 110]","[82, 4, 72, 8, 146, 45, 28, 19, 89, 68, 70, 144, 134, 43, 97, 111, 34, 6, 137, 129, 139, 10, 63, 119, 76, 41, 73, 77]","[18, 59, 141, 74, 35, 25, 27, 51, 148, 29, 56, 123, 24, 107, 31, 11, 90, 104, 9, 14, 124, 149, 44, 114, 143, 0, 85, 87, 32, 92]","[131, 23, 118, 12, 38, 55, 122, 49, 2, 30, 69, 54, 100, 52, 20, 15, 21, 115, 67, 61, 140, 64, 75, 109, 65, 127, 86, 48, 46, 33]"
78,8442,"[22, 42, 136, 98, 60, 7, 93, 78, 112, 50, 80, 71, 3, 95, 83, 91, 132, 57, 17, 125, 99, 58, 126, 81, 106, 101, 133, 37, 113, 105]","[135, 88, 117, 128, 116, 142, 62, 66, 79, 36, 130, 5, 138, 96, 84, 102, 94, 120, 39, 108, 26, 147, 47, 16, 121, 145, 53, 13, 103, 40, 1, 110]","[82, 4, 72, 8, 146, 45, 28, 19, 89, 68, 70, 144, 134, 43, 97, 111, 34, 6, 137, 129, 139, 10, 63, 119, 76, 41, 73, 77]","[18, 59, 141, 74, 35, 25, 27, 51, 148, 29, 56, 123, 24, 107, 31, 11, 90, 104, 9, 14, 124, 149, 44, 114, 143, 0, 85, 87, 32, 92]","[131, 23, 118, 12, 38, 55, 122, 49, 2, 30, 69, 54, 100, 52, 20, 15, 21, 115, 67, 61, 140, 64, 75, 109, 65, 127, 86, 48, 46, 33]"
79,8442,"[22, 42, 136, 98, 60, 7, 93, 78, 112, 50, 80, 71, 3, 95, 83, 91, 132, 57, 17, 125, 99, 58, 126, 81, 106, 101, 133, 37, 113, 105]","[135, 88, 117, 128, 116, 142, 62, 66, 79, 36, 130, 5, 138, 96, 84, 102, 94, 120, 39, 108, 26, 147, 47, 16, 121, 145, 53, 13, 103, 40, 1, 110]","[82, 4, 72, 8, 146, 45, 28, 19, 89, 68, 70, 144, 134, 43, 97, 111, 34, 6, 137, 129, 139, 10, 63, 119, 76, 41, 73, 77]","[18, 59, 141, 74, 35, 25, 27, 51, 148, 29, 56, 123, 24, 107, 31, 11, 90, 104, 9, 14, 124, 149, 44, 114, 143, 0, 85, 87, 32, 92]","[131, 23, 118, 12, 38, 55, 122, 49, 2, 30, 69, 54, 100, 52, 20, 15, 21, 115, 67, 61, 140, 64, 75, 109, 65, 127, 86, 48, 46, 33]"
80,8442,"[22, 42, 136, 98, 60, 7, 93, 78, 112, 50, 80, 71, 3, 95, 83, 91, 132, 57, 17, 125, 99, 58, 126, 81, 106, 101, 133, 37, 113, 105]","[135, 88, 117, 128, 116, 142, 62, 66, 79, 36, 130, 5, 138, 96, 84, 102, 94, 120, 39, 108, 26, 147, 47, 16, 121, 145, 53, 13, 103, 40, 1, 110]","[82, 4, 72, 8, 146, 45, 28, 19, 89, 68, 70, 144, 134, 43, 97, 111, 34, 6, 137, 129, 139, 10, 63, 119, 76, 41, 73, 77]","[18, 59, 141, 74, 35, 25, 27, 51, 148, 29, 56, 123, 24, 107, 31, 11, 90, 104, 9, 14, 124, 149, 44, 114, 143, 0, 85, 87, 32, 92]","[131, 23, 118, 12, 38, 55, 122, 49, 2, 30, 69, 54, 100, 52, 20, 15, 21, 115, 67, 61, 140, 64, 75, 109, 65, 127, 86, 48, 46, 33]"
81,8442,"[22, 42, 136, 98, 60, 7, 93, 78, 112, 50, 80, 71, 3, 95, 83, 91, 132, 57, 17, 125, 99, 58, 126, 81, 106, 101, 133, 37, 113, 105]","[135, 88, 117, 128, 116, 142, 62, 66, 79, 36, 130, 5, 138, 96, 84, 102, 94, 120, 39, 108, 26, 147, 47, 16, 121, 145, 53, 13, 103, 40, 1, 110]","[82, 4, 72, 8, 146, 45, 28, 19, 89, 68, 70, 144, 134, 43, 97, 111, 34, 6, 137, 129, 139, 10, 63, 119, 76, 41, 73, 77]","[18, 59, 141, 74, 35, 25, 27, 51, 148, 29, 56, 123, 24, 107, 31, 11, 90, 104, 9, 14, 124, 149, 44, 114, 143, 0, 85, 87, 32, 92]","[131, 23, 118, 12, 38, 55, 122, 49, 2, 30, 69, 54, 100, 52, 20, 15, 21, 115, 67, 61, 140, 64, 75, 109, 65, 127, 86, 48, 46, 33]"
82,8442,"[22, 42, 136, 98, 60, 7, 93, 78, 112, 50, 80, 71, 3, 95, 83, 91, 132, 57, 17, 125, 99, 58, 126, 81, 106, 101, 133, 37, 113, 105]","[135, 88, 117, 128, 116, 142, 62, 66, 79, 36, 130, 5, 138, 96, 84, 102, 94, 120, 39, 108, 26, 147, 47, 16, 121, 145, 53, 13, 103, 40, 1, 110]","[82, 4, 72, 8, 146, 45, 28, 19, 89, 68, 70, 144, 134, 43, 97, 111, 34, 6, 137, 129, 139, 10, 63, 119, 76, 41, 73, 77]","[18, 59, 141, 74, 35, 25, 27, 51, 148, 29, 56, 123, 24, 107, 31, 11, 90, 104, 9, 14, 124, 149, 44, 114, 143, 0, 85, 87, 32, 92]","[131, 23, 118, 12, 38, 55, 122, 49, 2, 30, 69, 54, 100, 52, 20, 15, 21, 115, 67, 61, 140, 64, 75, 109, 65, 127, 86, 48, 46, 33]"
83,8442,"[22, 42, 136, 98, 60, 7, 93, 78, 112, 50, 80, 71, 3, 95, 83, 91, 132, 57, 17, 125, 99, 58, 126, 81, 106, 101, 133, 37, 113, 105]","[135, 88, 117, 128, 116, 142, 62, 66, 79, 36, 130, 5, 138, 96, 84, 102, 94, 120, 39, 108, 26, 147, 47, 16, 121, 145, 53, 13, 103, 40, 1, 110]","[82, 4, 72, 8, 146, 45, 28, 19, 89, 68, 70, 144, 134, 43, 97, 111, 34, 6, 137, 129, 139, 10, 63, 119, 76, 41, 73, 77]","[18, 59, 141, 74, 35, 25, 27, 51, 148, 29, 56, 123, 24, 107, 31, 11, 90, 104, 9, 14, 124, 149, 44, 114, 143, 0, 85, 87, 32, 92]","[131, 23, 118, 12, 38, 55, 122, 49, 2, 30, 69, 54, 100, 52, 20, 15, 21, 115, 67, 61, 140, 64, 75, 109, 65, 127, 86, 48, 46, 33]"
84,8442,"[22, 42, 136, 98, 60, 7, 93, 78, 112, 50, 80, 71, 3, 95, 83, 91, 132, 57, 17, 125, 99, 58, 126, 81, 106, 101, 133, 37, 113, 105]","[135, 88, 117, 128, 116, 142, 62, 66, 79, 36, 130, 5, 138, 96, 84, 102, 94, 120, 39, 108, 26, 147, 47, 16, 121, 145, 53, 13, 103, 40, 1, 110]","[82, 4, 72, 8, 146, 45, 28, 19, 89, 68, 70, 144, 134, 43, 97, 111, 34, 6, 137, 129, 139, 10, 63, 119, 76, 41, 73, 77]","[18, 59, 141, 74, 35, 25, 27, 51, 148, 29, 56, 123, 24, 107, 31, 11, 90, 104, 9, 14, 124, 149, 44, 114, 143, 0, 85, 87, 32, 92]","[131, 23, 118, 12, 38, 55, 122, 49, 2, 30, 69, 54, 100, 52, 20, 15, 21, 115, 67, 61, 140, 64, 75, 109, 65, 127, 86, 48, 46, 33]"
85,8442,"[22, 42, 136, 98, 60, 7, 93, 78, 112, 50, 80, 71, 3, 95, 83, 91, 132, 57, 17, 125, 99, 58, 126, 81, 106, 101, 133, 37, 113, 105]","[135, 88, 117, 128, 116, 142, 62, 66, 79, 36, 130, 5, 138, 96, 84, 102, 94, 120, 39, 108, 26, 147, 47, 16, 121, 145, 53, 13, 103, 40, 1, 110]","[82, 4, 72, 8, 146, 45, 28, 19, 89, 68, 70, 144, 134, 43, 97, 111, 34, 6, 137, 129, 139, 10, 63, 119, 76, 41, 73, 77]","[18, 59, 141, 74, 35, 25, 27, 51, 148, 29, 56, 123, 24, 107, 31, 11, 90, 104, 9, 14, 124, 149, 44, 114, 143, 0, 85, 87, 32, 92]","[131, 23, 118, 12, 38, 55, 122, 49, 2, 30, 69, 54, 100, 52, 20, 15, 21, 115, 67, 61, 140, 64, 75, 109, 65, 127, 86, 48, 46, 33]"
86,8442,"[22, 42, 136, 98, 60, 7, 93, 78, 112, 50, 80, 71, 3, 95, 83, 91, 132, 57, 17, 125, 99, 58, 126, 81, 106, 101, 133, 37, 113, 105]","[135, 88, 117, 128, 116, 142, 62, 66, 79, 36, 130, 5, 138, 96, 84, 102, 94, 120, 39, 108, 26, 147, 47, 16, 121, 145, 53, 13, 103, 40, 1, 110]","[82, 4, 72, 8, 146, 45, 28, 19, 89, 68, 70, 144, 134, 43, 97, 111, 34, 6, 137, 129, 139, 10, 63, 119, 76, 41, 73, 77]","[18, 59, 141, 74, 35, 25, 27, 51, 148, 29, 56, 123, 24, 107, 31, 11, 90, 104, 9, 14, 124, 149, 44, 114, 143, 0, 85, 87, 32, 92]","[131, 23, 118, 12, 38, 55, 122, 49, 2, 30, 69, 54, 100, 52, 20, 15, 21, 115, 67, 61, 140, 64, 75, 109, 65, 127, 86, 48, 46, 33]"
87,8442,"[22, 42, 136, 98, 60, 7, 93, 78, 112, 50, 80, 71, 3, 95, 83, 91, 132, 57, 17, 125, 99, 58, 126, 81, 106, 101, 133, 37, 113, 105]","[135, 88, 117, 128, 116, 142, 62, 66, 79, 36, 130, 5, 138, 96, 84, 102, 94, 120, 39, 108, 26, 147, 47, 16, 121, 145, 53, 13, 103, 40, 1, 110]","[82, 4, 72, 8, 146, 45, 28, 19, 89, 68, 70, 144, 134, 43, 97, 111, 34, 6, 137, 129, 139, 10, 63, 119, 76, 41, 73, 77]","[18, 59, 141, 74, 35, 25, 27, 51, 148, 29, 56, 123, 24, 107, 31, 11, 90, 104, 9, 14, 124, 149, 44, 114, 143, 0, 85, 87, 32, 92]","[131, 23, 118, 12, 38, 55, 122, 49, 2, 30, 69, 54, 100, 52, 20, 15, 21, 115, 67, 61, 140, 64, 75, 109, 65, 127, 86, 48, 46, 33]"
88,8442,"[22, 42, 136, 98, 60, 7, 93, 78, 112, 50, 80, 71, 3, 95, 83, 91, 132, 57, 17, 125, 99, 58, 126, 81, 106, 101, 133, 37, 113, 105]","[135, 88, 117, 128, 116, 142, 62, 66, 79, 36, 130, 5, 138, 96, 84, 102, 94, 120, 39, 108, 26, 147, 47, 16, 121, 145, 53, 13, 103, 40, 1, 110]","[82, 4, 72, 8, 146, 45, 28, 19, 89, 68, 70, 144, 134, 43, 97, 111, 34, 6, 137, 129, 139, 10, 63, 119, 76, 41, 73, 77]","[18, 59, 141, 74, 35, 25, 27, 51, 148, 29, 56, 123, 24, 107, 31, 11, 90, 104, 9, 14, 124, 149, 44, 114, 143, 0, 85, 87, 32, 92]","[131, 23, 118, 12, 38, 55, 122, 49, 2, 30, 69, 54, 100, 52, 20, 15, 21, 115, 67, 61, 140, 64, 75, 109, 65, 127, 86, 48, 46, 33]"
89,8442,"[22, 42, 136, 98, 60, 7, 93, 78, 112, 50, 80, 71, 3, 95, 83, 91, 132, 57, 17, 125, 99, 58, 126, 81, 106, 101, 133, 37, 113, 105]","[135, 88, 117, 128, 116, 142, 62, 66, 79, 36, 130, 5, 138, 96, 84, 102, 94, 120, 39, 108, 26, 147, 47, 16, 121, 145, 53, 13, 103, 40, 1, 110]","[82, 4, 72, 8, 146, 45, 28, 19, 89, 68, 70, 144, 134, 43, 97, 111, 34, 6, 137, 129, 139, 10, 63, 119, 76, 41, 73, 77]","[18, 59, 141, 74, 35, 25, 27, 51, 148, 29, 56, 123, 24, 107, 31, 11, 90, 104, 9, 14, 124, 149, 44, 114, 143, 0, 85, 87, 32, 92]","[131, 23, 118, 12, 38, 55, 122, 49, 2, 30, 69, 54, 100, 52, 20, 15, 21, 115, 67, 61, 140, 64, 75, 109, 65, 127, 86, 48, 46, 33]"
90,8442,"[22, 42, 136, 98, 60, 7, 93, 78, 112, 50, 80, 71, 3, 95, 83, 91, 132, 57, 17, 125, 99, 58, 126, 81, 106, 101, 133, 37, 113, 105]","[135, 88, 117, 128, 116, 142, 62, 66, 79, 36, 130, 5, 138, 96, 84, 102, 94, 120, 39, 108, 26, 147, 47, 16, 121, 145, 53, 13, 103, 40, 1, 110]","[82, 4, 72, 8, 146, 45, 28, 19, 89, 68, 70, 144, 134, 43, 97, 111, 34, 6, 137, 129, 139, 10, 63, 119, 76, 41, 73, 77]","[18, 59, 141, 74, 35, 25, 27, 51, 148, 29, 56, 123, 24, 107, 31, 11, 90, 104, 9, 14, 124, 149, 44, 114, 143, 0, 85, 87, 32, 92]","[131, 23, 118, 12, 38, 55, 122, 49, 2, 30, 69, 54, 100, 52, 20, 15, 21, 115, 67, 61, 140, 64, 75, 109, 65, 127, 86, 48, 46, 33]"
91,8442,"[22, 42, 136, 98, 60, 7, 93, 78, 112, 50, 80, 71, 3, 95, 83, 91, 132, 57, 17, 125, 99, 58, 126, 81, 106, 101, 133, 37, 113, 105]","[135, 88, 117, 128, 116, 142, 62, 66, 79, 36, 130, 5, 138, 96, 84, 102, 94, 120, 39, 108, 26, 147, 47, 16, 121, 145, 53, 13, 103, 40, 1, 110]","[82, 4, 72, 8, 146, 45, 28, 19, 89, 68, 70, 144, 134, 43, 97, 111, 34, 6, 137, 129, 139, 10, 63, 119, 76, 41, 73, 77]","[18, 59, 141, 74, 35, 25, 27, 51, 148, 29, 56, 123, 24, 107, 31, 11, 90, 104, 9, 14, 124, 149, 44, 114, 143, 0, 85, 87, 32, 92]","[131, 23, 118, 12, 38, 55, 122, 49, 2, 30, 69, 54, 100, 52, 20, 15, 21, 115, 67, 61, 140, 64, 75, 109, 65, 127, 86, 48, 46, 33]"
92,8442,"[22, 42, 136, 98, 60, 7, 93, 78, 112, 50, 80, 71, 3, 95, 83, 91, 132, 57, 17, 125, 99, 58, 126, 81, 106, 101, 133, 37, 113, 105]","[135, 88, 117, 128, 116, 142, 62, 66, 79, 36, 130, 5, 138, 96, 84, 102, 94, 120, 39, 108, 26, 147, 47, 16, 121, 145, 53, 13, 103, 40, 1, 110]","[82, 4, 72, 8, 146, 45, 28, 19, 89, 68, 70, 144, 134, 43, 97, 111, 34, 6, 137, 129, 139, 10, 63, 119, 76, 41, 73, 77]","[18, 59, 141, 74, 35, 25, 27, 51, 148, 29, 56, 123, 24, 107, 31, 11, 90, 104, 9, 14, 124, 149, 44, 114, 143, 0, 85, 87, 32, 92]","[131, 23, 118, 12, 38, 55, 122, 49, 2, 30, 69, 54, 100, 52, 20, 15, 21, 115, 67, 61, 140, 64, 75, 109, 65, 127, 86, 48, 46, 33]"
93,8442,"[22, 42, 136, 98, 60, 7, 93, 78, 112, 50, 80, 71, 3, 95, 83, 91, 132, 57, 17, 125, 99, 58, 126, 81, 106, 101, 133, 37, 113, 105]","[135, 88, 117, 128, 116, 142, 62, 66, 79, 36, 130, 5, 138, 96, 84, 102, 94, 120, 39, 108, 26, 147, 47, 16, 121, 145, 53, 13, 103, 40, 1, 110]","[82, 4, 72, 8, 146, 45, 28, 19, 89, 68, 70, 144, 134, 43, 97, 111, 34, 6, 137, 129, 139, 10, 63, 119, 76, 41, 73, 77]","[18, 59, 141, 74, 35, 25, 27, 51, 148, 29, 56, 123, 24, 107, 31, 11, 90, 104, 9, 14, 124, 149, 44, 114, 143, 0, 85, 87, 32, 92]","[131, 23, 118, 12, 38, 55, 122, 49, 2, 30, 69, 54, 100, 52, 20, 15, 21, 115, 67, 61, 140, 64, 75, 109, 65, 127, 86, 48, 46, 33]"
94,8442,"[22, 42, 136, 98, 60, 7, 93, 78, 112, 50, 80, 71, 3, 95, 83, 91, 132, 57, 17, 125, 99, 58, 126, 81, 106, 101, 133, 37, 113, 105]","[135, 88, 117, 128, 116, 142, 62, 66, 79, 36, 130, 5, 138, 96, 84, 102, 94, 120, 39, 108, 26, 147, 47, 16, 121, 145, 53, 13, 103, 40, 1, 110]","[82, 4, 72, 8, 146, 45, 28, 19, 89, 68, 70, 144, 134, 43, 97, 111, 34, 6, 137, 129, 139, 10, 63, 119, 76, 41, 73, 77]","[18, 59, 141, 74, 35, 25, 27, 51, 148, 29, 56, 123, 24, 107, 31, 11, 90, 104, 9, 14, 124, 149, 44, 114, 143, 0, 85, 87, 32, 92]","[131, 23, 118, 12, 38, 55, 122, 49, 2, 30, 69, 54, 100, 52, 20, 15, 21, 115, 67, 61, 140, 64, 75, 109, 65, 127, 86, 48, 46, 33]"
95,8442,"[22, 42, 136, 98, 60, 7, 93, 78, 112, 50, 80, 71, 3, 95, 83, 91, 132, 57, 17, 125, 99, 58, 126, 81, 106, 101, 133, 37, 113, 105]","[135, 88, 117, 128, 116, 142, 62, 66, 79, 36, 130, 5, 138, 96, 84, 102, 94, 120, 39, 108, 26, 147, 47, 16, 121, 145, 53, 13, 103, 40, 1, 110]","[82, 4, 72, 8, 146, 45, 28, 19, 89, 68, 70, 144, 134, 43, 97, 111, 34, 6, 137, 129, 139, 10, 63, 119, 76, 41, 73, 77]","[18, 59, 141, 74, 35, 25, 27, 51, 148, 29, 56, 123, 24, 107, 31, 11, 90, 104, 9, 14, 124, 149, 44, 114, 143, 0, 85, 87, 32, 92]","[131, 23, 118, 12, 38, 55, 122, 49, 2, 30, 69, 54, 100, 52, 20, 15, 21, 115, 67, 61, 140, 64, 75, 109, 65, 127, 86, 48, 46, 33]"
96,8442,"[22, 42, 136, 98, 60, 7, 93, 78, 112, 50, 80, 71, 3, 95, 83, 91, 132, 57, 17, 125, 99, 58, 126, 81, 106, 101, 133, 37, 113, 105]","[135, 88, 117, 128, 116, 142, 62, 66, 79, 36, 130, 5, 138, 96, 84, 102, 94, 120, 39, 108, 26, 147, 47, 16, 121, 145, 53, 13, 103, 40, 1, 110]","[82, 4, 72, 8, 146, 45, 28, 19, 89, 68, 70, 144, 134, 43, 97, 111, 34, 6, 137, 129, 139, 10, 63, 119, 76, 41, 73, 77]","[18, 59, 141, 74, 35, 25, 27, 51, 148, 29, 56, 123, 24, 107, 31, 11, 90, 104, 9, 14, 124, 149, 44, 114, 143, 0, 85, 87, 32, 92]","[131, 23, 118, 12, 38, 55, 122, 49, 2, 30, 69, 54, 100, 52, 20, 15, 21, 115, 67, 61, 140, 64, 75, 109, 65, 127, 86, 48, 46, 33]"
97,8442,"[22, 42, 136, 98, 60, 7, 93, 78, 112, 50, 80, 71, 3, 95, 83, 91, 132, 57, 17, 125, 99, 58, 126, 81, 106, 101, 133, 37, 113, 105]","[135, 88, 117, 128, 116, 142, 62, 66, 79, 36, 130, 5, 138, 96, 84, 102, 94, 120, 39, 108, 26, 147, 47, 16, 121, 145, 53, 13, 103, 40, 1, 110]","[82, 4, 72, 8, 146, 45, 28, 19, 89, 68, 70, 144, 134, 43, 97, 111, 34, 6, 137, 129, 139, 10, 63, 119, 76, 41, 73, 77]","[18, 59, 141, 74, 35, 25, 27, 51, 148, 29, 56, 123, 24, 107, 31, 11, 90, 104, 9, 14, 124, 149, 44, 114, 143, 0, 85, 87, 32, 92]","[131, 23, 118, 12, 38, 55, 122, 49, 2, 30, 69, 54, 100, 52, 20, 15, 21, 115, 67, 61, 140, 64, 75, 109, 65, 127, 86, 48, 46, 33]"
98,8442,"[22, 42, 136, 98, 60, 7, 93, 78, 112, 50, 80, 71, 3, 95, 83, 91, 132, 57, 17, 125, 99, 58, 126, 81, 106, 101, 133, 37, 113, 105]","[135, 88, 117, 128, 116, 142, 62, 66, 79, 36, 130, 5, 138, 96, 84, 102, 94, 120, 39, 108, 26, 147, 47, 16, 121, 145, 53, 13, 103, 40, 1, 110]","[82, 4, 72, 8, 146, 45, 28, 19, 89, 68, 70, 144, 134, 43, 97, 111, 34, 6, 137, 129, 139, 10, 63, 119, 76, 41, 73, 77]","[18, 59, 141, 74, 35, 25, 27, 51, 148, 29, 56, 123, 24, 107, 31, 11, 90, 104, 9, 14, 124, 149, 44, 114, 143, 0, 85, 87, 32, 92]","[131, 23, 118, 12, 38, 55, 122, 49, 2, 30, 69, 54, 100, 52, 20, 15, 21, 115, 67, 61, 140, 64, 75, 109, 65, 127, 86, 48, 46, 33]"
99,8442,"[22, 42, 136, 98, 60, 7, 93, 78, 112, 50, 80, 71, 3, 95, 83, 91, 132, 57, 17, 125, 99, 58, 126, 81, 106, 101, 133, 37, 113, 105]","[135, 88, 117, 128, 116, 142, 62, 66, 79, 36, 130, 5, 138, 96, 84, 102, 94, 120, 39, 108, 26, 147, 47, 16, 121, 145, 53, 13, 103, 40, 1, 110]","[82, 4, 72, 8, 146, 45, 28, 19, 89, 68, 70, 144, 134, 43, 97, 111, 34, 6, 137, 129, 139, 10, 63, 119, 76, 41, 73, 77]","[18, 59, 141, 74, 35, 25, 27, 51, 148, 29, 56, 123, 24, 107, 31, 11, 90, 104, 9, 14, 124, 149, 44, 114, 143, 0, 85, 87, 32, 92]","[131, 23, 118, 12, 38, 55, 122, 49, 2, 30, 69, 54, 100, 52, 20, 15, 21, 115, 67, 61, 140, 64, 75, 109, 65, 127, 86, 48, 46, 33]"
100,8442,"[22, 42, 136, 98, 60, 7, 93, 78, 112, 50, 80, 71, 3, 95, 83, 91, 132, 57, 17, 125, 99, 58, 126, 81, 106, 101, 133, 37, 113, 105]","[135, 88, 117, 128, 116, 142, 62, 66, 79, 36, 130, 5, 138, 96, 84, 102, 94, 120, 39, 108, 26, 147, 47, 16, 121, 145, 53, 13, 103, 40, 1, 110]","[82, 4, 72, 8, 146, 45, 28, 19, 89, 68, 70, 144, 134, 43, 97, 111, 34, 6, 137, 129, 139, 10, 63, 119, 76, 41, 73, 77]","[18, 59, 141, 74, 35, 25, 27, 51, 148, 29, 56, 123, 24, 107, 31, 11, 90, 104, 9, 14, 124, 149, 44, 114, 143, 0, 85, 87, 32, 92]","[131, 23, 118, 12, 38, 55, 122, 49, 2, 30, 69, 54, 100, 52, 20, 15, 21, 115, 67, 61, 140, 64, 75, 109, 65, 127, 86, 48, 46, 33]"
101,8442,"[22, 42, 136, 98, 60, 7, 93, 78, 112, 50, 80, 71, 3, 95, 83, 91, 132, 57, 17, 125, 99, 58, 126, 81, 106, 101, 133, 37, 113, 105]","[135, 88, 117, 128, 116, 142, 62, 66, 79, 36, 130, 5, 138, 96, 84, 102, 94, 120, 39, 108, 26, 147, 47, 16, 121, 145, 53, 13, 103, 40, 1, 110]","[82, 4, 72, 8, 146, 45, 28, 19, 89, 68, 70, 144, 134, 43, 97, 111, 34, 6, 137, 129, 139, 10, 63, 119, 76, 41, 73, 77]","[18, 59, 141, 74, 35, 25, 27, 51, 148, 29, 56, 123, 24, 107, 31, 11, 90, 104, 9, 14, 124, 149, 44, 114, 143, 0, 85, 87, 32, 92]","[131, 23, 118, 12, 38, 55, 122, 49, 2, 30, 69, 54, 100, 52, 20, 15, 21, 115, 67, 61, 140, 64, 75, 109, 65, 127, 86, 48, 46, 33]"
102,8442,"[22, 42, 136, 98, 60, 7, 93, 78, 112, 50, 80, 71, 3, 95, 83, 91, 132, 57, 17, 125, 99, 58, 126, 81, 106, 101, 133, 37, 113, 105]","[135, 88, 117, 128, 116, 142, 62, 66, 79, 36, 130, 5, 138, 96, 84, 102, 94, 120, 39, 108, 26, 147, 47, 16, 121, 145, 53, 13, 103, 40, 1, 110]","[82, 4, 72, 8, 146, 45, 28, 19, 89, 68, 70, 144, 134, 43, 97, 111, 34, 6, 137, 129, 139, 10, 63, 119, 76, 41, 73, 77]","[18, 59, 141, 74, 35, 25, 27, 51, 148, 29, 56, 123, 24, 107, 31, 11, 90, 104, 9, 14, 124, 149, 44, 114, 143, 0, 85, 87, 32, 92]","[131, 23, 118, 12, 38, 55, 122, 49, 2, 30, 69, 54, 100, 52, 20, 15, 21, 115, 67, 61, 140, 64, 75, 109, 65, 127, 86, 48, 46, 33]"
103,8442,"[22, 42, 136, 98, 60, 7, 93, 78, 112, 50, 80, 71, 3, 95, 83, 91, 132, 57, 17, 125, 99, 58, 126, 81, 106, 101, 133, 37, 113, 105]","[135, 88, 117, 128, 116, 142, 62, 66, 79, 36, 130, 5, 138, 96, 84, 102, 94, 120, 39, 108, 26, 147, 47, 16, 121, 145, 53, 13, 103, 40, 1, 110]","[82, 4, 72, 8, 146, 45, 28, 19, 89, 68, 70, 144, 134, 43, 97, 111, 34, 6, 137, 129, 139, 10, 63, 119, 76, 41, 73, 77]","[18, 59, 141, 74, 35, 25, 27, 51, 148, 29, 56, 123, 24, 107, 31, 11, 90, 104, 9, 14, 124, 149, 44, 114, 143, 0, 85, 87, 32, 92]","[131, 23, 118, 12, 38, 55, 122, 49, 2, 30, 69, 54, 100, 52, 20, 15, 21, 115, 67, 61, 140, 64, 75, 109, 65, 127, 86, 48, 46, 33]"
104,8442,"[22, 42, 136, 98, 60, 7, 93, 78, 112, 50, 80, 71, 3, 95, 83, 91, 132, 57, 17, 125, 99, 58, 126, 81, 106, 101, 133, 37, 113, 105]","[135, 88, 117, 128, 116, 142, 62, 66, 79, 36, 130, 5, 138, 96, 84, 102, 94, 120, 39, 108, 26, 147, 47, 16, 121, 145, 53, 13, 103, 40, 1, 110]","[82, 4, 72, 8, 146, 45, 28, 19, 89, 68, 70, 144, 134, 43, 97, 111, 34, 6, 137, 129, 139, 10, 63, 119, 76, 41, 73, 77]","[18, 59, 141, 74, 35, 25, 27, 51, 148, 29, 56, 123, 24, 107, 31, 11, 90, 104, 9, 14, 124, 149, 44, 114, 143, 0, 85, 87, 32, 92]","[131, 23, 118, 12, 38, 55, 122, 49, 2, 30, 69, 54, 100, 52, 20, 15, 21, 115, 67, 61, 140, 64, 75, 109, 65, 127, 86, 48, 46, 33]"
105,8442,"[22, 42, 136, 98, 60, 7, 93, 78, 112, 50, 80, 71, 3, 95, 83, 91, 132, 57, 17, 125, 99, 58, 126, 81, 106, 101, 133, 37, 113, 105]","[135, 88, 117, 128, 116, 142, 62, 66, 79, 36, 130, 5, 138, 96, 84, 102, 94, 120, 39, 108, 26, 147, 47, 16, 121, 145, 53, 13, 103, 40, 1, 110]","[82, 4, 72, 8, 146, 45, 28, 19, 89, 68, 70, 144, 134, 43, 97, 111, 34, 6, 137, 129, 139, 10, 63, 119, 76, 41, 73, 77]","[18, 59, 141, 74, 35, 25, 27, 51, 148, 29, 56, 123, 24, 107, 31, 11, 90, 104, 9, 14, 124, 149, 44, 114, 143, 0, 85, 87, 32, 92]","[131, 23, 118, 12, 38, 55, 122, 49, 2, 30, 69, 54, 100, 52, 20, 15, 21, 115, 67, 61, 140, 64, 75, 109, 65, 127, 86, 48, 46, 33]"
106,8442,"[22, 42, 136, 98, 60, 7, 93, 78, 112, 50, 80, 71, 3, 95, 83, 91, 132, 57, 17, 125, 99, 58, 126, 81, 106, 101, 133, 37, 113, 105]","[135, 88, 117, 128, 116, 142, 62, 66, 79, 36, 130, 5, 138, 96, 84, 102, 94, 120, 39, 108, 26, 147, 47, 16, 121, 145, 53, 13, 103, 40, 1, 110]","[82, 4, 72, 8, 146, 45, 28, 19, 89, 68, 70, 144, 134, 43, 97, 111, 34, 6, 137, 129, 139, 10, 63, 119, 76, 41, 73, 77]","[18, 59, 141, 74, 35, 25, 27, 51, 148, 29, 56, 123, 24, 107, 31, 11, 90, 104, 9, 14, 124, 149, 44, 114, 143, 0, 85, 87, 32, 92]","[131, 23, 118, 12, 38, 55, 122, 49, 2, 30, 69, 54, 100, 52, 20, 15, 21, 115, 67, 61, 140, 64, 75, 109, 65, 127, 86, 48, 46, 33]"
107,8442,"[22, 42, 136, 98, 60, 7, 93, 78, 112, 50, 80, 71, 3, 95, 83, 91, 132, 57, 17, 125, 99, 58, 126, 81, 106, 101, 133, 37, 113, 105]","[135, 88, 117, 128, 116, 142, 62, 66, 79, 36, 130, 5, 138, 96, 84, 102, 94, 120, 39, 108, 26, 147, 47, 16, 121, 145, 53, 13, 103, 40, 1, 110]","[82, 4, 72, 8, 146, 45, 28, 19, 89, 68, 70, 144, 134, 43, 97, 111, 34, 6, 137, 129, 139, 10, 63, 119, 76, 41, 73, 77]","[18, 59, 141, 74, 35, 25, 27, 51, 148, 29, 56, 123, 24, 107, 31, 11, 90, 104, 9, 14, 124, 149, 44, 114, 143, 0, 85, 87, 32, 92]","[131, 23, 118, 12, 38, 55, 122, 49, 2, 30, 69, 54, 100, 52, 20, 15, 21, 115, 67, 61, 140, 64, 75, 109, 65, 127, 86, 48, 46, 33]"
108,8442,"[22, 42, 136, 98, 60, 7, 93, 78, 112, 50, 80, 71, 3, 95, 83, 91, 132, 57, 17, 125, 99, 58, 126, 81, 106, 101, 133, 37, 113, 105]","[135, 88, 117, 128, 116, 142, 62, 66, 79, 36, 130, 5, 138, 96, 84, 102, 94, 120, 39, 108, 26, 147, 47, 16, 121, 145, 53, 13, 103, 40, 1, 110]","[82, 4, 72, 8, 146, 45, 28, 19, 89, 68, 70, 144, 134, 43, 97, 111, 34, 6, 137, 129, 139, 10, 63, 119, 76, 41, 73, 77]","[18, 59, 141, 74, 35, 25, 27, 51, 148, 29, 56, 123, 24, 107, 31, 11, 90, 104, 9, 14, 124, 149, 44, 114, 143, 0, 85, 87, 32, 92]","[131, 23, 118, 12, 38, 55, 122, 49, 2, 30, 69, 54, 100, 52, 20, 15, 21, 115, 67, 61, 140, 64, 75, 109, 65, 127, 86, 48, 46, 33]"
109,8442,"[22, 42, 136, 98, 60, 7, 93, 78, 112, 50, 80, 71, 3, 95, 83, 91, 132, 57, 17, 125, 99, 58, 126, 81, 106, 101, 133, 37, 113, 105]","[135, 88, 117, 128, 116, 142, 62, 66, 79, 36, 130, 5, 138, 96, 84, 102, 94, 120, 39, 108, 26, 147, 47, 16, 121, 145, 53, 13, 103, 40, 1, 110]","[82, 4, 72, 8, 146, 45, 28, 19, 89, 68, 70, 144, 134, 43, 97, 111, 34, 6, 137, 129, 139, 10, 63, 119, 76, 41, 73, 77]","[18, 59, 141, 74, 35, 25, 27, 51, 148, 29, 56, 123, 24, 107, 31, 11, 90, 104, 9, 14, 124, 149, 44, 114, 143, 0, 85, 87, 32, 92]","[131, 23, 118, 12, 38, 55, 122, 49, 2, 30, 69, 54, 100, 52, 20, 15, 21, 115, 67, 61, 140, 64, 75, 109, 65, 127, 86, 48, 46, 33]"
110,8442,"[22, 42, 136, 98, 60, 7, 93, 78, 112, 50, 80, 71, 3, 95, 83, 91, 132, 57, 17, 125, 99, 58, 126, 81, 106, 101, 133, 37, 113, 105]","[135, 88, 117, 128, 116, 142, 62, 66, 79, 36, 130, 5, 138, 96, 84, 102, 94, 120, 39, 108, 26, 147, 47, 16, 121, 145, 53, 13, 103, 40, 1, 110]","[82, 4, 72, 8, 146, 45, 28, 19, 89, 68, 70, 144, 134, 43, 97, 111, 34, 6, 137, 129, 139, 10, 63, 119, 76, 41, 73, 77]","[18, 59, 141, 74, 35, 25, 27, 51, 148, 29, 56, 123, 24, 107, 31, 11, 90, 104, 9, 14, 124, 149, 44, 114, 143, 0, 85, 87, 32, 92]","[131, 23, 118, 12, 38, 55, 122, 49, 2, 30, 69, 54, 100, 52, 20, 15, 21, 115, 67, 61, 140, 64, 75, 109, 65, 127, 86, 48, 46, 33]"
111,8442,"[22, 42, 136, 98, 60, 7, 93, 78, 112, 50, 80, 71, 3, 95, 83, 91, 132, 57, 17, 125, 99, 58, 126, 81, 106, 101, 133, 37, 113, 105]","[135, 88, 117, 128, 116, 142, 62, 66, 79, 36, 130, 5, 138, 96, 84, 102, 94, 120, 39, 108, 26, 147, 47, 16, 121, 145, 53, 13, 103, 40, 1, 110]","[82, 4, 72, 8, 146, 45, 28, 19, 89, 68, 70, 144, 134, 43, 97, 111, 34, 6, 137, 129, 139, 10, 63, 119, 76, 41, 73, 77]","[18, 59, 141, 74, 35, 25, 27, 51, 148, 29, 56, 123, 24, 107, 31, 11, 90, 104, 9, 14, 124, 149, 44, 114, 143, 0, 85, 87, 32, 92]","[131, 23, 118, 12, 38, 55, 122, 49, 2, 30, 69, 54, 100, 52, 20, 15, 21, 115, 67, 61, 140, 64, 75, 109, 65, 127, 86, 48, 46, 33]"
112,8442,"[22, 42, 136, 98, 60, 7, 93, 78, 112, 50, 80, 71, 3, 95, 83, 91, 132, 57, 17, 125, 99, 58, 126, 81, 106, 101, 133, 37, 113, 105]","[135, 88, 117, 128, 116, 142, 62, 66, 79, 36, 130, 5, 138, 96, 84, 102, 94, 120, 39, 108, 26, 147, 47, 16, 121, 145, 53, 13, 103, 40, 1, 110]","[82, 4, 72, 8, 146, 45, 28, 19, 89, 68, 70, 144, 134, 43, 97, 111, 34, 6, 137, 129, 139, 10, 63, 119, 76, 41, 73, 77]","[18, 59, 141, 74, 35, 25, 27, 51, 148, 29, 56, 123, 24, 107, 31, 11, 90, 104, 9, 14, 124, 149, 44, 114, 143, 0, 85, 87, 32, 92]","[131, 23, 118, 12, 38, 55, 122, 49, 2, 30, 69, 54, 100, 52, 20, 15, 21, 115, 67, 61, 140, 64, 75, 109, 65, 127, 86, 48, 46, 33]"
113,8442,"[22, 42, 136, 98, 60, 7, 93, 78, 112, 50, 80, 71, 3, 95, 83, 91, 132, 57, 17, 125, 99, 58, 126, 81, 106, 101, 133, 37, 113, 105]","[135, 88, 117, 128, 116, 142, 62, 66, 79, 36, 130, 5, 138, 96, 84, 102, 94, 120, 39, 108, 26, 147, 47, 16, 121, 145, 53, 13, 103, 40, 1, 110]","[82, 4, 72, 8, 146, 45, 28, 19, 89, 68, 70, 144, 134, 43, 97, 111, 34, 6, 137, 129, 139, 10, 63, 119, 76, 41, 73, 77]","[18, 59, 141, 74, 35, 25, 27, 51, 148, 29, 56, 123, 24, 107, 31, 11, 90, 104, 9, 14, 124, 149, 44, 114, 143, 0, 85, 87, 32, 92]","[131, 23, 118, 12, 38, 55, 122, 49, 2, 30, 69, 54, 100, 52, 20, 15, 21, 115, 67, 61, 140, 64, 75, 109, 65, 127, 86, 48, 46, 33]"
114,8442,"[22, 42, 136, 98, 60, 7, 93, 78, 112, 50, 80, 71, 3, 95, 83, 91, 132, 57, 17, 125, 99, 58, 126, 81, 106, 101, 133, 37, 113, 105]","[135, 88, 117, 128, 116, 142, 62, 66, 79, 36, 130, 5, 138, 96, 84, 102, 94, 120, 39, 108, 26, 147, 47, 16, 121, 145, 53, 13, 103, 40, 1, 110]","[82, 4, 72, 8, 146, 45, 28, 19, 89, 68, 70, 144, 134, 43, 97, 111, 34, 6, 137, 129, 139, 10, 63, 119, 76, 41, 73, 77]","[18, 59, 141, 74, 35, 25, 27, 51, 148, 29, 56, 123, 24, 107, 31, 11, 90, 104, 9, 14, 124, 149, 44, 114, 143, 0, 85, 87, 32, 92]","[131, 23, 118, 12, 38, 55, 122, 49, 2, 30, 69, 54, 100, 52, 20, 15, 21, 115, 67, 61, 140, 64, 75, 109, 65, 127, 86, 48, 46, 33]"
115,8442,"[22, 42, 136, 98, 60, 7, 93, 78, 112, 50, 80, 71, 3, 95, 83, 91, 132, 57, 17, 125, 99, 58, 126, 81, 106, 101, 133, 37, 113, 105]","[135, 88, 117, 128, 116, 142, 62, 66, 79, 36, 130, 5, 138, 96, 84, 102, 94, 120, 39, 108, 26, 147, 47, 16, 121, 145, 53, 13, 103, 40, 1, 110]","[82, 4, 72, 8, 146, 45, 28, 19, 89, 68, 70, 144, 134, 43, 97, 111, 34, 6, 137, 129, 139, 10, 63, 119, 76, 41, 73, 77]","[18, 59, 141, 74, 35, 25, 27, 51, 148, 29, 56, 123, 24, 107, 31, 11, 90, 104, 9, 14, 124, 149, 44, 114, 143, 0, 85, 87, 32, 92]","[131, 23, 118, 12, 38, 55, 122, 49, 2, 30, 69, 54, 100, 52, 20, 15, 21, 115, 67, 61, 140, 64, 75, 109, 65, 127, 86, 48, 46, 33]"
116,8442,"[22, 42, 136, 98, 60, 7, 93, 78, 112, 50, 80, 71, 3, 95, 83, 91, 132, 57, 17, 125, 99, 58, 126, 81, 106, 101, 133, 37, 113, 105]","[135, 88, 117, 128, 116, 142, 62, 66, 79, 36, 130, 5, 138, 96, 84, 102, 94, 120, 39, 108, 26, 147, 47, 16, 121, 145, 53, 13, 103, 40, 1, 110]","[82, 4, 72, 8, 146, 45, 28, 19, 89, 68, 70, 144, 134, 43, 97, 111, 34, 6, 137, 129, 139, 10, 63, 119, 76, 41, 73, 77]","[18, 59, 141, 74, 35, 25, 27, 51, 148, 29, 56, 123, 24, 107, 31, 11, 90, 104, 9, 14, 124, 149, 44, 114, 143, 0, 85, 87, 32, 92]","[131, 23, 118, 12, 38, 55, 122, 49, 2, 30, 69, 54, 100, 52, 20, 15, 21, 115, 67, 61, 140, 64, 75, 109, 65, 127, 86, 48, 46, 33]"
117,8442,"[22, 42, 136, 98, 60, 7, 93, 78, 112, 50, 80, 71, 3, 95, 83, 91, 132, 57, 17, 125, 99, 58, 126, 81, 106, 101, 133, 37, 113, 105]","[135, 88, 117, 128, 116, 142, 62, 66, 79, 36, 130, 5, 138, 96, 84, 102, 94, 120, 39, 108, 26, 147, 47, 16, 121, 145, 53, 13, 103, 40, 1, 110]","[82, 4, 72, 8, 146, 45, 28, 19, 89, 68, 70, 144, 134, 43, 97, 111, 34, 6, 137, 129, 139, 10, 63, 119, 76, 41, 73, 77]","[18, 59, 141, 74, 35, 25, 27, 51, 148, 29, 56, 123, 24, 107, 31, 11, 90, 104, 9, 14, 124, 149, 44, 114, 143, 0, 85, 87, 32, 92]","[131, 23, 118, 12, 38, 55, 122, 49, 2, 30, 69, 54, 100, 52, 20, 15, 21, 115, 67, 61, 140, 64, 75, 109, 65, 127, 86, 48, 46, 33]"
118,8442,"[22, 42, 136, 98, 60, 7, 93, 78, 112, 50, 80, 71, 3, 95, 83, 91, 132, 57, 17, 125, 99, 58, 126, 81, 106, 101, 133, 37, 113, 105]","[135, 88, 117, 128, 116, 142, 62, 66, 79, 36, 130, 5, 138, 96, 84, 102, 94, 120, 39, 108, 26, 147, 47, 16, 121, 145, 53, 13, 103, 40, 1, 110]","[82, 4, 72, 8, 146, 45, 28, 19, 89, 68, 70, 144, 134, 43, 97, 111, 34, 6, 137, 129, 139, 10, 63, 119, 76, 41, 73, 77]","[18, 59, 141, 74, 35, 25, 27, 51, 148, 29, 56, 123, 24, 107, 31, 11, 90, 104, 9, 14, 124, 149, 44, 114, 143, 0, 85, 87, 32, 92]","[131, 23, 118, 12, 38, 55, 122, 49, 2, 30, 69, 54, 100, 52, 20, 15, 21, 115, 67, 61, 140, 64, 75, 109, 65, 127, 86, 48, 46, 33]"
119,8442,"[22, 42, 136, 98, 60, 7, 93, 78, 112, 50, 80, 71, 3, 95, 83, 91, 132, 57, 17, 125, 99, 58, 126, 81, 106, 101, 133, 37, 113, 105]","[135, 88, 117, 128, 116, 142, 62, 66, 79, 36, 130, 5, 138, 96, 84, 102, 94, 120, 39, 108, 26, 147, 47, 16, 121, 145, 53, 13, 103, 40, 1, 110]","[82, 4, 72, 8, 146, 45, 28, 19, 89, 68, 70, 144, 134, 43, 97, 111, 34, 6, 137, 129, 139, 10, 63, 119, 76, 41, 73, 77]","[18, 59, 141, 74, 35, 25, 27, 51, 148, 29, 56, 123, 24, 107, 31, 11, 90, 104, 9, 14, 124, 149, 44, 114, 143, 0, 85, 87, 32, 92]","[131, 23, 118, 12, 38, 55, 122, 49, 2, 30, 69, 54, 100, 52, 20, 15, 21, 115, 67, 61, 140, 64, 75, 109, 65, 127, 86, 48, 46, 33]"
120,8442,"[22, 42, 136, 98, 60, 7, 93, 78, 112, 50, 80, 71, 3, 95, 83, 91, 132, 57, 17, 125, 99, 58, 126, 81, 106, 101, 133, 37, 113, 105]","[135, 88, 117, 128, 116, 142, 62, 66, 79, 36, 130, 5, 138, 96, 84, 102, 94, 120, 39, 108, 26, 147, 47, 16, 121, 145, 53, 13, 103, 40, 1, 110]","[82, 4, 72, 8, 146, 45, 28, 19, 89, 68, 70, 144, 134, 43, 97, 111, 34, 6, 137, 129, 139, 10, 63, 119, 76, 41, 73, 77]","[18, 59, 141, 74, 35, 25, 27, 51, 148, 29, 56, 123, 24, 107, 31, 11, 90, 104, 9, 14, 124, 149, 44, 114, 143, 0, 85, 87, 32, 92]","[131, 23, 118, 12, 38, 55, 122, 49, 2, 30, 69, 54, 100, 52, 20, 15, 21, 115, 67, 61, 140, 64, 75, 109, 65, 127, 86, 48, 46, 33]"
121,8442,"[22, 42, 136, 98, 60, 7, 93, 78, 112, 50, 80, 71, 3, 95, 83, 91, 132, 57, 17, 125, 99, 58, 126, 81, 106, 101, 133, 37, 113, 105]","[135, 88, 117, 128, 116, 142, 62, 66, 79, 36, 130, 5, 138, 96, 84, 102, 94, 120, 39, 108, 26, 147, 47, 16, 121, 145, 53, 13, 103, 40, 1, 110]","[82, 4, 72, 8, 146, 45, 28, 19, 89, 68, 70, 144, 134, 43, 97, 111, 34, 6, 137, 129, 139, 10, 63, 119, 76, 41, 73, 77]","[18, 59, 141, 74, 35, 25, 27, 51, 148, 29, 56, 123, 24, 107, 31, 11, 90, 104, 9, 14, 124, 149, 44, 114, 143, 0, 85, 87, 32, 92]","[131, 23, 118, 12, 38, 55, 122, 49, 2, 30, 69, 54, 100, 52, 20, 15, 21, 115, 67, 61, 140, 64, 75, 109, 65, 127, 86, 48, 46, 33]"
122,8442,"[22, 42, 136, 98, 60, 7, 93, 78, 112, 50, 80, 71, 3, 95, 83, 91, 132, 57, 17, 125, 99, 58, 126, 81, 106, 101, 133, 37, 113, 105]","[135, 88, 117, 128, 116, 142, 62, 66, 79, 36, 130, 5, 138, 96, 84, 102, 94, 120, 39, 108, 26, 147, 47, 16, 121, 145, 53, 13, 103, 40, 1, 110]","[82, 4, 72, 8, 146, 45, 28, 19, 89, 68, 70, 144, 134, 43, 97, 111, 34, 6, 137, 129, 139, 10, 63, 119, 76, 41, 73, 77]","[18, 59, 141, 74, 35, 25, 27, 51, 148, 29, 56, 123, 24, 107, 31, 11, 90, 104, 9, 14, 124, 149, 44, 114, 143, 0, 85, 87, 32, 92]","[131, 23, 118, 12, 38, 55, 122, 49, 2, 30, 69, 54, 100, 52, 20, 15, 21, 115, 67, 61, 140, 64, 75, 109, 65, 127, 86, 48, 46, 33]"
123,8442,"[22, 42, 136, 98, 60, 7, 93, 78, 112, 50, 80, 71, 3, 95, 83, 91, 132, 57, 17, 125, 99, 58, 126, 81, 106, 101, 133, 37, 113, 105]","[135, 88, 117, 128, 116, 142, 62, 66, 79, 36, 130, 5, 138, 96, 84, 102, 94, 120, 39, 108, 26, 147, 47, 16, 121, 145, 53, 13, 103, 40, 1, 110]","[82, 4, 72, 8, 146, 45, 28, 19, 89, 68, 70, 144, 134, 43, 97, 111, 34, 6, 137, 129, 139, 10, 63, 119, 76, 41, 73, 77]","[18, 59, 141, 74, 35, 25, 27, 51, 148, 29, 56, 123, 24, 107, 31, 11, 90, 104, 9, 14, 124, 149, 44, 114, 143, 0, 85, 87, 32, 92]","[131, 23, 118, 12, 38, 55, 122, 49, 2, 30, 69, 54, 100, 52, 20, 15, 21, 115, 67, 61, 140, 64, 75, 109, 65, 127, 86, 48, 46, 33]"
124,8442,"[22, 42, 136, 98, 60, 7, 93, 78, 112, 50, 80, 71, 3, 95, 83, 91, 132, 57, 17, 125, 99, 58, 126, 81, 106, 101, 133, 37, 113, 105]","[135, 88, 117, 128, 116, 142, 62, 66, 79, 36, 130, 5, 138, 96, 84, 102, 94, 120, 39, 108, 26, 147, 47, 16, 121, 145, 53, 13, 103, 40, 1, 110]","[82, 4, 72, 8, 146, 45, 28, 19, 89, 68, 70, 144, 134, 43, 97, 111, 34, 6, 137, 129, 139, 10, 63, 119, 76, 41, 73, 77]","[18, 59, 141, 74, 35, 25, 27, 51, 148, 29, 56, 123, 24, 107, 31, 11, 90, 104, 9, 14, 124, 149, 44, 114, 143, 0, 85, 87, 32, 92]","[131, 23, 118, 12, 38, 55, 122, 49, 2, 30, 69, 54, 100, 52, 20, 15, 21, 115, 67, 61, 140, 64, 75, 109, 65, 127, 86, 48, 46, 33]"
125,8442,"[22, 42, 136, 98, 60, 7, 93, 78, 112, 50, 80, 71, 3, 95, 83, 91, 132, 57, 17, 125, 99, 58, 126, 81, 106, 101, 133, 37, 113, 105]","[135, 88, 117, 128, 116, 142, 62, 66, 79, 36, 130, 5, 138, 96, 84, 102, 94, 120, 39, 108, 26, 147, 47, 16, 121, 145, 53, 13, 103, 40, 1, 110]","[82, 4, 72, 8, 146, 45, 28, 19, 89, 68, 70, 144, 134, 43, 97, 111, 34, 6, 137, 129, 139, 10, 63, 119, 76, 41, 73, 77]","[18, 59, 141, 74, 35, 25, 27, 51, 148, 29, 56, 123, 24, 107, 31, 11, 90, 104, 9, 14, 124, 149, 44, 114, 143, 0, 85, 87, 32, 92]","[131, 23, 118, 12, 38, 55, 122, 49, 2, 30, 69, 54, 100, 52, 20, 15, 21, 115, 67, 61, 140, 64, 75, 109, 65, 127, 86, 48, 46, 33]"
126,8442,"[22, 42, 136, 98, 60, 7, 93, 78, 112, 50, 80, 71, 3, 95, 83, 91, 132, 57, 17, 125, 99, 58, 126, 81, 106, 101, 133, 37, 113, 105]","[135, 88, 117, 128, 116, 142, 62, 66, 79, 36, 130, 5, 138, 96, 84, 102, 94, 120, 39, 108, 26, 147, 47, 16, 121, 145, 53, 13, 103, 40, 1, 110]","[82, 4, 72, 8, 146, 45, 28, 19, 89, 68, 70, 144, 134, 43, 97, 111, 34, 6, 137, 129, 139, 10, 63, 119, 76, 41, 73, 77]","[18, 59, 141, 74, 35, 25, 27, 51, 148, 29, 56, 123, 24, 107, 31, 11, 90, 104, 9, 14, 124, 149, 44, 114, 143, 0, 85, 87, 32, 92]","[131, 23, 118, 12, 38, 55, 122, 49, 2, 30, 69, 54, 100, 52, 20, 15, 21, 115, 67, 61, 140, 64, 75, 109, 65, 127, 86, 48, 46, 33]"
127,8442,"[22, 42, 136, 98, 60, 7, 93, 78, 112, 50, 80, 71, 3, 95, 83, 91, 132, 57, 17, 125, 99, 58, 126, 81, 106, 101, 133, 37, 113, 105]","[135, 88, 117, 128, 116, 142, 62, 66, 79, 36, 130, 5, 138, 96, 84, 102, 94, 120, 39, 108, 26, 147, 47, 16, 121, 145, 53, 13, 103, 40, 1, 110]","[82, 4, 72, 8, 146, 45, 28, 19, 89, 68, 70, 144, 134, 43, 97, 111, 34, 6, 137, 129, 139, 10, 63, 119, 76, 41, 73, 77]","[18, 59, 141, 74, 35, 25, 27, 51, 148, 29, 56, 123, 24, 107, 31, 11, 90, 104, 9, 14, 124, 149, 44, 114, 143, 0, 85, 87, 32, 92]","[131, 23, 118, 12, 38, 55, 122, 49, 2, 30, 69, 54, 100, 52, 20, 15, 21, 115, 67, 61, 140, 64, 75, 109, 65, 127, 86, 48, 46, 33]"
128,8442,"[22, 42, 136, 98, 60, 7, 93, 78, 112, 50, 80, 71, 3, 95, 83, 91, 132, 57, 17, 125, 99, 58, 126, 81, 106, 101, 133, 37, 113, 105]","[135, 88, 117, 128, 116, 142, 62, 66, 79, 36, 130, 5, 138, 96, 84, 102, 94, 120, 39, 108, 26, 147, 47, 16, 121, 145, 53, 13, 103, 40, 1, 110]","[82, 4, 72, 8, 146, 45, 28, 19, 89, 68, 70, 144, 134, 43, 97, 111, 34, 6, 137, 129, 139, 10, 63, 119, 76, 41, 73, 77]","[18, 59, 141, 74, 35, 25, 27, 51, 148, 29, 56, 123, 24, 107, 31, 11, 90, 104, 9, 14, 124, 149, 44, 114, 143, 0, 85, 87, 32, 92]","[131, 23, 118, 12, 38, 55, 122, 49, 2, 30, 69, 54, 100, 52, 20, 15, 21, 115, 67, 61, 140, 64, 75, 109, 65, 127, 86, 48, 46, 33]"
129,8442,"[22, 42, 136, 98, 60, 7, 93, 78, 112, 50, 80, 71, 3, 95, 83, 91, 132, 57, 17, 125, 99, 58, 126, 81, 106, 101, 133, 37, 113, 105]","[135, 88, 117, 128, 116, 142, 62, 66, 79, 36, 130, 5, 138, 96, 84, 102, 94, 120, 39, 108, 26, 147, 47, 16, 121, 145, 53, 13, 103, 40, 1, 110]","[82, 4, 72, 8, 146, 45, 28, 19, 89, 68, 70, 144, 134, 43, 97, 111, 34, 6, 137, 129, 139, 10, 63, 119, 76, 41, 73, 77]","[18, 59, 141, 74, 35, 25, 27, 51, 148, 29, 56, 123, 24, 107, 31, 11, 90, 104, 9, 14, 124, 149, 44, 114, 143, 0, 85, 87, 32, 92]","[131, 23, 118, 12, 38, 55, 122, 49, 2, 30, 69, 54, 100, 52, 20, 15, 21, 115, 67, 61, 140, 64, 75, 109, 65, 127, 86, 48, 46, 33]"
130,8442,"[22, 42, 136, 98, 60, 7, 93, 78, 112, 50, 80, 71, 3, 95, 83, 91, 132, 57, 17, 125, 99, 58, 126, 81, 106, 101, 133, 37, 113, 105]","[135, 88, 117, 128, 116, 142, 62, 66, 79, 36, 130, 5, 138, 96, 84, 102, 94, 120, 39, 108, 26, 147, 47, 16, 121, 145, 53, 13, 103, 40, 1, 110]","[82, 4, 72, 8, 146, 45, 28, 19, 89, 68, 70, 144, 134, 43, 97, 111, 34, 6, 137, 129, 139, 10, 63, 119, 76, 41, 73, 77]","[18, 59, 141, 74, 35, 25, 27, 51, 148, 29, 56, 123, 24, 107, 31, 11, 90, 104, 9, 14, 124, 149, 44, 114, 143, 0, 85, 87, 32, 92]","[131, 23, 118, 12, 38, 55, 122, 49, 2, 30, 69, 54, 100, 52, 20, 15, 21, 115, 67, 61, 140, 64, 75, 109, 65, 127, 86, 48, 46, 33]"
131,8442,"[22, 42, 136, 98, 60, 7, 93, 78, 112, 50, 80, 71, 3, 95, 83, 91, 132, 57, 17, 125, 99, 58, 126, 81, 106, 101, 133, 37, 113, 105]","[135, 88, 117, 128, 116, 142, 62, 66, 79, 36, 130, 5, 138, 96, 84, 102, 94, 120, 39, 108, 26, 147, 47, 16, 121, 145, 53, 13, 103, 40, 1, 110]","[82, 4, 72, 8, 146, 45, 28, 19, 89, 68, 70, 144, 134, 43, 97, 111, 34, 6, 137, 129, 139, 10, 63, 119, 76, 41, 73, 77]","[18, 59, 141, 74, 35, 25, 27, 51, 148, 29, 56, 123, 24, 107, 31, 11, 90, 104, 9, 14, 124, 149, 44, 114, 143, 0, 85, 87, 32, 92]","[131, 23, 118, 12, 38, 55, 122, 49, 2, 30, 69, 54, 100, 52, 20, 15, 21, 115, 67, 61, 140, 64, 75, 109, 65, 127, 86, 48, 46, 33]"
132,8442,"[22, 42, 136, 98, 60, 7, 93, 78, 112, 50, 80, 71, 3, 95, 83, 91, 132, 57, 17, 125, 99, 58, 126, 81, 106, 101, 133, 37, 113, 105]","[135, 88, 117, 128, 116, 142, 62, 66, 79, 36, 130, 5, 138, 96, 84, 102, 94, 120, 39, 108, 26, 147, 47, 16, 121, 145, 53, 13, 103, 40, 1, 110]","[82, 4, 72, 8, 146, 45, 28, 19, 89, 68, 70, 144, 134, 43, 97, 111, 34, 6, 137, 129, 139, 10, 63, 119, 76, 41, 73, 77]","[18, 59, 141, 74, 35, 25, 27, 51, 148, 29, 56, 123, 24, 107, 31, 11, 90, 104, 9, 14, 124, 149, 44, 114, 143, 0, 85, 87, 32, 92]","[131, 23, 118, 12, 38, 55, 122, 49, 2, 30, 69, 54, 100, 52, 20, 15, 21, 115, 67, 61, 140, 64, 75, 109, 65, 127, 86, 48, 46, 33]"
133,8442,"[22, 42, 136, 98, 60, 7, 93, 78, 112, 50, 80, 71, 3, 95, 83, 91, 132, 57, 17, 125, 99, 58, 126, 81, 106, 101, 133, 37, 113, 105]","[135, 88, 117, 128, 116, 142, 62, 66, 79, 36, 130, 5, 138, 96, 84, 102, 94, 120, 39, 108, 26, 147, 47, 16, 121, 145, 53, 13, 103, 40, 1, 110]","[82, 4, 72, 8, 146, 45, 28, 19, 89, 68, 70, 144, 134, 43, 97, 111, 34, 6, 137, 129, 139, 10, 63, 119, 76, 41, 73, 77]","[18, 59, 141, 74, 35, 25, 27, 51, 148, 29, 56, 123, 24, 107, 31, 11, 90, 104, 9, 14, 124, 149, 44, 114, 143, 0, 85, 87, 32, 92]","[131, 23, 118, 12, 38, 55, 122, 49, 2, 30, 69, 54, 100, 52, 20, 15, 21, 115, 67, 61, 140, 64, 75, 109, 65, 127, 86, 48, 46, 33]"
134,8442,"[22, 42, 136, 98, 60, 7, 93, 78, 112, 50, 80, 71, 3, 95, 83, 91, 132, 57, 17, 125, 99, 58, 126, 81, 106, 101, 133, 37, 113, 105]","[135, 88, 117, 128, 116, 142, 62, 66, 79, 36, 130, 5, 138, 96, 84, 102, 94, 120, 39, 108, 26, 147, 47, 16, 121, 145, 53, 13, 103, 40, 1, 110]","[82, 4, 72, 8, 146, 45, 28, 19, 89, 68, 70, 144, 134, 43, 97, 111, 34, 6, 137, 129, 139, 10, 63, 119, 76, 41, 73, 77]","[18, 59, 141, 74, 35, 25, 27, 51, 148, 29, 56, 123, 24, 107, 31, 11, 90, 104, 9, 14, 124, 149, 44, 114, 143, 0, 85, 87, 32, 92]","[131, 23, 118, 12, 38, 55, 122, 49, 2, 30, 69, 54, 100, 52, 20, 15, 21, 115, 67, 61, 140, 64, 75, 109, 65, 127, 86, 48, 46, 33]"
135,8442,"[22, 42, 136, 98, 60, 7, 93, 78, 112, 50, 80, 71, 3, 95, 83, 91, 132, 57, 17, 125, 99, 58, 126, 81, 106, 101, 133, 37, 113, 105]","[135, 88, 117, 128, 116, 142, 62, 66, 79, 36, 130, 5, 138, 96, 84, 102, 94, 120, 39, 108, 26, 147, 47, 16, 121, 145, 53, 13, 103, 40, 1, 110]","[82, 4, 72, 8, 146, 45, 28, 19, 89, 68, 70, 144, 134, 43, 97, 111, 34, 6, 137, 129, 139, 10, 63, 119, 76, 41, 73, 77]","[18, 59, 141, 74, 35, 25, 27, 51, 148, 29, 56, 123, 24, 107, 31, 11, 90, 104, 9, 14, 124, 149, 44, 114, 143, 0, 85, 87, 32, 92]","[131, 23, 118, 12, 38, 55, 122, 49, 2, 30, 69, 54, 100, 52, 20, 15, 21, 115, 67, 61, 140, 64, 75, 109, 65, 127, 86, 48, 46, 33]"
136,8442,"[22, 42, 136, 98, 60, 7, 93, 78, 112, 50, 80, 71, 3, 95, 83, 91, 132, 57, 17, 125, 99, 58, 126, 81, 106, 101, 133, 37, 113, 105]","[135, 88, 117, 128, 116, 142, 62, 66, 79, 36, 130, 5, 138, 96, 84, 102, 94, 120, 39, 108, 26, 147, 47, 16, 121, 145, 53, 13, 103, 40, 1, 110]","[82, 4, 72, 8, 146, 45, 28, 19, 89, 68, 70, 144, 134, 43, 97, 111, 34, 6, 137, 129, 139, 10, 63, 119, 76, 41, 73, 77]","[18, 59, 141, 74, 35, 25, 27, 51, 148, 29, 56, 123, 24, 107, 31, 11, 90, 104, 9, 14, 124, 149, 44, 114, 143, 0, 85, 87, 32, 92]","[131, 23, 118, 12, 38, 55, 122, 49, 2, 30, 69, 54, 100, 52, 20, 15, 21, 115, 67, 61, 140, 64, 75, 109, 65, 127, 86, 48, 46, 33]"
137,8442,"[22, 42, 136, 98, 60, 7, 93, 78, 112, 50, 80, 71, 3, 95, 83, 91, 132, 57, 17, 125, 99, 58, 126, 81, 106, 101, 133, 37, 113, 105]","[135, 88, 117, 128, 116, 142, 62, 66, 79, 36, 130, 5, 138, 96, 84, 102, 94, 120, 39, 108, 26, 147, 47, 16, 121, 145, 53, 13, 103, 40, 1, 110]","[82, 4, 72, 8, 146, 45, 28, 19, 89, 68, 70, 144, 134, 43, 97, 111, 34, 6, 137, 129, 139, 10, 63, 119, 76, 41, 73, 77]","[18, 59, 141, 74, 35, 25, 27, 51, 148, 29, 56, 123, 24, 107, 31, 11, 90, 104, 9, 14, 124, 149, 44, 114, 143, 0, 85, 87, 32, 92]","[131, 23, 118, 12, 38, 55, 122, 49, 2, 30, 69, 54, 100, 52, 20, 15, 21, 115, 67, 61, 140, 64, 75, 109, 65, 127, 86, 48, 46, 33]"
138,8442,"[22, 42, 136, 98, 60, 7, 93, 78, 112, 50, 80, 71, 3, 95, 83, 91, 132, 57, 17, 125, 99, 58, 126, 81, 106, 101, 133, 37, 113, 105]","[135, 88, 117, 128, 116, 142, 62, 66, 79, 36, 130, 5, 138, 96, 84, 102, 94, 120, 39, 108, 26, 147, 47, 16, 121, 145, 53, 13, 103, 40, 1, 110]","[82, 4, 72, 8, 146, 45, 28, 19, 89, 68, 70, 144, 134, 43, 97, 111, 34, 6, 137, 129, 139, 10, 63, 119, 76, 41, 73, 77]","[18, 59, 141, 74, 35, 25, 27, 51, 148, 29, 56, 123, 24, 107, 31, 11, 90, 104, 9, 14, 124, 149, 44, 114, 143, 0, 85, 87, 32, 92]","[131, 23, 118, 12, 38, 55, 122, 49, 2, 30, 69, 54, 100, 52, 20, 15, 21, 115, 67, 61, 140, 64, 75, 109, 65, 127, 86, 48, 46, 33]"
139,8442,"[22, 42, 136, 98, 60, 7, 93, 78, 112, 50, 80, 71, 3, 95, 83, 91, 132, 57, 17, 125, 99, 58, 126, 81, 106, 101, 133, 37, 113, 105]","[135, 88, 117, 128, 116, 142, 62, 66, 79, 36, 130, 5, 138, 96, 84, 102, 94, 120, 39, 108, 26, 147, 47, 16, 121, 145, 53, 13, 103, 40, 1, 110]","[82, 4, 72, 8, 146, 45, 28, 19, 89, 68, 70, 144, 134, 43, 97, 111, 34, 6, 137, 129, 139, 10, 63, 119, 76, 41, 73, 77]","[18, 59, 141, 74, 35, 25, 27, 51, 148, 29, 56, 123, 24, 107, 31, 11, 90, 104, 9, 14, 124, 149, 44, 114, 143, 0, 85, 87, 32, 92]","[131, 23, 118, 12, 38, 55, 122, 49, 2, 30, 69, 54, 100, 52, 20, 15, 21, 115, 67, 61, 140, 64, 75, 109, 65, 127, 86, 48, 46, 33]"
140,8442,"[22, 42, 136, 98, 60, 7, 93, 78, 112, 50, 80, 71, 3, 95, 83, 91, 132, 57, 17, 125, 99, 58, 126, 81, 106, 101, 133, 37, 113, 105]","[135, 88, 117, 128, 116, 142, 62, 66, 79, 36, 130, 5, 138, 96, 84, 102, 94, 120, 39, 108, 26, 147, 47, 16, 121, 145, 53, 13, 103, 40, 1, 110]","[82, 4, 72, 8, 146, 45, 28, 19, 89, 68, 70, 144, 134, 43, 97, 111, 34, 6, 137, 129, 139, 10, 63, 119, 76, 41, 73, 77]","[18, 59, 141, 74, 35, 25, 27, 51, 148, 29, 56, 123, 24, 107, 31, 11, 90, 104, 9, 14, 124, 149, 44, 114, 143, 0, 85, 87, 32, 92]","[131, 23, 118, 12, 38, 55, 122, 49, 2, 30, 69, 54, 100, 52, 20, 15, 21, 115, 67, 61, 140, 64, 75, 109, 65, 127, 86, 48, 46, 33]"
141,8442,"[22, 42, 136, 98, 60, 7, 93, 78, 112, 50, 80, 71, 3, 95, 83, 91, 132, 57, 17, 125, 99, 58, 126, 81, 106, 101, 133, 37, 113, 105]","[135, 88, 117, 128, 116, 142, 62, 66, 79, 36, 130, 5, 138, 96, 84, 102, 94, 120, 39, 108, 26, 147, 47, 16, 121, 145, 53, 13, 103, 40, 1, 110]","[82, 4, 72, 8, 146, 45, 28, 19, 89, 68, 70, 144, 134, 43, 97, 111, 34, 6, 137, 129, 139, 10, 63, 119, 76, 41, 73, 77]","[18, 59, 141, 74, 35, 25, 27, 51, 148, 29, 56, 123, 24, 107, 31, 11, 90, 104, 9, 14, 124, 149, 44, 114, 143, 0, 85, 87, 32, 92]","[131, 23, 118, 12, 38, 55, 122, 49, 2, 30, 69, 54, 100, 52, 20, 15, 21, 115, 67, 61, 140, 64, 75, 109, 65, 127, 86, 48, 46, 33]"
142,8442,"[22, 42, 136, 98, 60, 7, 93, 78, 112, 50, 80, 71, 3, 95, 83, 91, 132, 57, 17, 125, 99, 58, 126, 81, 106, 101, 133, 37, 113, 105]","[135, 88, 117, 128, 116, 142, 62, 66, 79, 36, 130, 5, 138, 96, 84, 102, 94, 120, 39, 108, 26, 147, 47, 16, 121, 145, 53, 13, 103, 40, 1, 110]","[82, 4, 72, 8, 146, 45, 28, 19, 89, 68, 70, 144, 134, 43, 97, 111, 34, 6, 137, 129, 139, 10, 63, 119, 76, 41, 73, 77]","[18, 59, 141, 74, 35, 25, 27, 51, 148, 29, 56, 123, 24, 107, 31, 11, 90, 104, 9, 14, 124, 149, 44, 114, 143, 0, 85, 87, 32, 92]","[131, 23, 118, 12, 38, 55, 122, 49, 2, 30, 69, 54, 100, 52, 20, 15, 21, 115, 67, 61, 140, 64, 75, 109, 65, 127, 86, 48, 46, 33]"
143,8442,"[22, 42, 136, 98, 60, 7, 93, 78, 112, 50, 80, 71, 3, 95, 83, 91, 132, 57, 17, 125, 99, 58, 126, 81, 106, 101, 133, 37, 113, 105]","[135, 88, 117, 128, 116, 142, 62, 66, 79, 36, 130, 5, 138, 96, 84, 102, 94, 120, 39, 108, 26, 147, 47, 16, 121, 145, 53, 13, 103, 40, 1, 110]","[82, 4, 72, 8, 146, 45, 28, 19, 89, 68, 70, 144, 134, 43, 97, 111, 34, 6, 137, 129, 139, 10, 63, 119, 76, 41, 73, 77]","[18, 59, 141, 74, 35, 25, 27, 51, 148, 29, 56, 123, 24, 107, 31, 11, 90, 104, 9, 14, 124, 149, 44, 114, 143, 0, 85, 87, 32, 92]","[131, 23, 118, 12, 38, 55, 122, 49, 2, 30, 69, 54, 100, 52, 20, 15, 21, 115, 67, 61, 140, 64, 75, 109, 65, 127, 86, 48, 46, 33]"
144,8442,"[22, 42, 136, 98, 60, 7, 93, 78, 112, 50, 80, 71, 3, 95, 83, 91, 132, 57, 17, 125, 99, 58, 126, 81, 106, 101, 133, 37, 113, 105]","[135, 88, 117, 128, 116, 142, 62, 66, 79, 36, 130, 5, 138, 96, 84, 102, 94, 120, 39, 108, 26, 147, 47, 16, 121, 145, 53, 13, 103, 40, 1, 110]","[82, 4, 72, 8, 146, 45, 28, 19, 89, 68, 70, 144, 134, 43, 97, 111, 34, 6, 137, 129, 139, 10, 63, 119, 76, 41, 73, 77]","[18, 59, 141, 74, 35, 25, 27, 51, 148, 29, 56, 123, 24, 107, 31, 11, 90, 104, 9, 14, 124, 149, 44, 114, 143, 0, 85, 87, 32, 92]","[131, 23, 118, 12, 38, 55, 122, 49, 2, 30, 69, 54, 100, 52, 20, 15, 21, 115, 67, 61, 140, 64, 75, 109, 65, 127, 86, 48, 46, 33]"
145,8442,"[22, 42, 136, 98, 60, 7, 93, 78, 112, 50, 80, 71, 3, 95, 83, 91, 132, 57, 17, 125, 99, 58, 126, 81, 106, 101, 133, 37, 113, 105]","[135, 88, 117, 128, 116, 142, 62, 66, 79, 36, 130, 5, 138, 96, 84, 102, 94, 120, 39, 108, 26, 147, 47, 16, 121, 145, 53, 13, 103, 40, 1, 110]","[82, 4, 72, 8, 146, 45, 28, 19, 89, 68, 70, 144, 134, 43, 97, 111, 34, 6, 137, 129, 139, 10, 63, 119, 76, 41, 73, 77]","[18, 59, 141, 74, 35, 25, 27, 51, 148, 29, 56, 123, 24, 107, 31, 11, 90, 104, 9, 14, 124, 149, 44, 114, 143, 0, 85, 87, 32, 92]","[131, 23, 118, 12, 38, 55, 122, 49, 2, 30, 69, 54, 100, 52, 20, 15, 21, 115, 67, 61, 140, 64, 75, 109, 65, 127, 86, 48, 46, 33]"
146,8442,"[22, 42, 136, 98, 60, 7, 93, 78, 112, 50, 80, 71, 3, 95, 83, 91, 132, 57, 17, 125, 99, 58, 126, 81, 106, 101, 133, 37, 113, 105]","[135, 88, 117, 128, 116, 142, 62, 66, 79, 36, 130, 5, 138, 96, 84, 102, 94, 120, 39, 108, 26, 147, 47, 16, 121, 145, 53, 13, 103, 40, 1, 110]","[82, 4, 72, 8, 146, 45, 28, 19, 89, 68, 70, 144, 134, 43, 97, 111, 34, 6, 137, 129, 139, 10, 63, 119, 76, 41, 73, 77]","[18, 59, 141, 74, 35, 25, 27, 51, 148, 29, 56, 123, 24, 107, 31, 11, 90, 104, 9, 14, 124, 149, 44, 114, 143, 0, 85, 87, 32, 92]","[131, 23, 118, 12, 38, 55, 122, 49, 2, 30, 69, 54, 100, 52, 20, 15, 21, 115, 67, 61, 140, 64, 75, 109, 65, 127, 86, 48, 46, 33]"
147,8442,"[22, 42, 136, 98, 60, 7, 93, 78, 112, 50, 80, 71, 3, 95, 83, 91, 132, 57, 17, 125, 99, 58, 126, 81, 106, 101, 133, 37, 113, 105]","[135, 88, 117, 128, 116, 142, 62, 66, 79, 36, 130, 5, 138, 96, 84, 102, 94, 120, 39, 108, 26, 147, 47, 16, 121, 145, 53, 13, 103, 40, 1, 110]","[82, 4, 72, 8, 146, 45, 28, 19, 89, 68, 70, 144, 134, 43, 97, 111, 34, 6, 137, 129, 139, 10, 63, 119, 76, 41, 73, 77]","[18, 59, 141, 74, 35, 25, 27, 51, 148, 29, 56, 123, 24, 107, 31, 11, 90, 104, 9, 14, 124, 149, 44, 114, 143, 0, 85, 87, 32, 92]","[131, 23, 118, 12, 38, 55, 122, 49, 2, 30, 69, 54, 100, 52, 20, 15, 21, 115, 67, 61, 140, 64, 75, 109, 65, 127, 86, 48, 46, 33]"
148,8442,"[22, 42, 136, 98, 60, 7, 93, 78, 112, 50, 80, 71, 3, 95, 83, 91, 132, 57, 17, 125, 99, 58, 126, 81, 106, 101, 133, 37, 113, 105]","[135, 88, 117, 128, 116, 142, 62, 66, 79, 36, 130, 5, 138, 96, 84, 102, 94, 120, 39, 108, 26, 147, 47, 16, 121, 145, 53, 13, 103, 40, 1, 110]","[82, 4, 72, 8, 146, 45, 28, 19, 89, 68, 70, 144, 134, 43, 97, 111, 34, 6, 137, 129, 139, 10, 63, 119, 76, 41, 73, 77]","[18, 59, 141, 74, 35, 25, 27, 51, 148, 29, 56, 123, 24, 107, 31, 11, 90, 104, 9, 14, 124, 149, 44, 114, 143, 0, 85, 87, 32, 92]","[131, 23, 118, 12, 38, 55, 122, 49, 2, 30, 69, 54, 100, 52, 20, 15, 21, 115, 67, 61, 140, 64, 75, 109, 65, 127, 86, 48, 46, 33]"
149,8442,"[22, 42, 136, 98, 60, 7, 93, 78, 112, 50, 80, 71, 3, 95, 83, 91, 132, 57, 17, 125, 99, 58, 126, 81, 106, 101, 133, 37, 113, 105]","[135, 88, 117, 128, 116, 142, 62, 66, 79, 36, 130, 5, 138, 96, 84, 102, 94, 120, 39, 108, 26, 147, 47, 16, 121, 145, 53, 13, 103, 40, 1, 110]","[82, 4, 72, 8, 146, 45, 28, 19, 89, 68, 70, 144, 134, 43, 97, 111, 34, 6, 137, 129, 139, 10, 63, 119, 76, 41, 73, 77]","[18, 59, 141, 74, 35, 25, 27, 51, 148, 29, 56, 123, 24, 107, 31, 11, 90, 104, 9, 14, 124, 149, 44, 114, 143, 0, 85, 87, 32, 92]","[131, 23, 118, 12, 38, 55, 122, 49, 2, 30, 69, 54, 100, 52, 20, 15, 21, 115, 67, 61, 140, 64, 75, 109, 65, 127, 86, 48, 46, 33]"
